Title,Old Price,Discounted Price,Discount %,Link,Promo Note
Cotton Softs Toilet Paper 12pk 3 Ply Posh,8.35,5.99,28.3,https://www.woolworths.co.nz/shop/product-details/808766/cotton-softs-toilet-paper-12pk-3-ply-posh,SAVE $2.36
Woolworths Instore Deli Shaved Ham Leg per kg,18.9,15.8,16.4,https://www.woolworths.co.nz/shop/product-details/6025789/woolworths-instore-deli-shaved-ham-leg,SAVE $3.10
Woolworths Oven Ready Chicken Whole Sage & Onion 1.5kg,17.5,12.99,25.8,https://www.woolworths.co.nz/shop/product-details/290673/woolworths-oven-ready-chicken-whole-sage-onion,SAVE $4.51
Farmer Brown Eggs Cage Free Barn Size 6 12 Pack,9.99,7.4,25.9,https://www.woolworths.co.nz/shop/product-details/52216/farmer-brown-eggs-cage-free-barn-size-6,SAVE $2.59
Coca-Cola Soft Drink Zero Sugar 1.5L,4.99,3.5,29.9,https://www.woolworths.co.nz/shop/product-details/227760/coca-cola-soft-drink-zero-sugar,
Boring Oat Milk Barista 1L,4.89,4.4,10.0,https://www.woolworths.co.nz/shop/product-details/191451/boring-oat-milk-barista,SAVE $0.49
Woolworths NZ Chicken Thighs Skinless Boneless Min Order 1kg,26.5,17.99,32.1,https://www.woolworths.co.nz/shop/product-details/57005/woolworths-nz-chicken-thighs-skinless-boneless,SAVE $8.51
Woolworths Oven Ready Chicken Whole Country Style 1.5kg,17.5,12.99,25.8,https://www.woolworths.co.nz/shop/product-details/290669/woolworths-oven-ready-chicken-whole-country-style,SAVE $4.51
So Good Oat Milk No Added Sugar 1L,3.99,3.39,15.0,https://www.woolworths.co.nz/shop/product-details/120207/so-good-oat-milk-no-added-sugar,
Hellers Sausages Precooked 800g 12 Pack,10,9,10.0,https://www.woolworths.co.nz/shop/product-details/69865/hellers-sausages-precooked-800g,SAVE $1.00
Anchor Butter 500g,9.7,8.5,12.4,https://www.woolworths.co.nz/shop/product-details/281759/anchor-butter,SAVE $1.20
Otaika Valley Eggs Free Range Mixed Grade 10 Pack,9.85,7.85,20.3,https://www.woolworths.co.nz/shop/product-details/820955/otaika-valley-eggs-free-range-mixed-grade,SAVE $2.00
So Good Almond Milk Unsweetened 1L,4.49,3.39,24.5,https://www.woolworths.co.nz/shop/product-details/744490/so-good-almond-milk-unsweetened,
Woolworths Lamb Leg Frozen Bone In Min Order 3kg,22.95,19.99,12.9,https://www.woolworths.co.nz/shop/product-details/760462/woolworths-lamb-leg-frozen-bone-in,SAVE $2.96
Better Eggs S.P.C.A Eggs Free Range Mixed Grade 12 Pack,10.95,8.35,23.7,https://www.woolworths.co.nz/shop/product-details/277473/better-eggs-s-p-c-a-eggs-free-range-mixed-grade,SAVE $2.60
Beehive Ham Shaved Champagne 200g,7.69,6.3,18.1,https://www.woolworths.co.nz/shop/product-details/776462/beehive-ham-shaved-champagne,SAVE $1.39
Best Foods Mayonnaise Real 405g,7.4,5.79,21.8,https://www.woolworths.co.nz/shop/product-details/304977/best-foods-mayonnaise-real,SAVE $1.61
Cadbury Chocolate Dairy Milk 180g,7,3.49,50.1,https://www.woolworths.co.nz/shop/product-details/814479/cadbury-chocolate-dairy-milk,SAVE $3.51
Birds Eye Golden Crunch Potato Gems 900g,6.29,5.5,12.6,https://www.woolworths.co.nz/shop/product-details/180109/birds-eye-golden-crunch-potato-gems,
Tegel Meal Maker Free Range Shredded Roast Chicken 2 x 50g Packs,5.69,2.75,51.7,https://www.woolworths.co.nz/shop/product-details/363271/tegel-meal-maker-free-range-shredded-roast-chicken,
Beehive Streaky Bacon 800g,21.8,19.5,10.6,https://www.woolworths.co.nz/shop/product-details/238731/beehive-streaky-bacon,SAVE $2.30
Bluebird Originals Chips Salt & Vinegar 150g,3.09,2.2,28.8,https://www.woolworths.co.nz/shop/product-details/297512/bluebird-originals-chips-salt-vinegar,
Bluebird Originals Chips Ready Salted 150g,3.09,2.2,28.8,https://www.woolworths.co.nz/shop/product-details/297515/bluebird-originals-chips-ready-salted,
Coca-Cola Soft Drink Coke 1.5L,4.99,3.5,29.9,https://www.woolworths.co.nz/shop/product-details/77949/coca-cola-soft-drink-coke,SAVE $1.49
Tip Top Jelly Tip Ice Cream On Stick Minis 10 Pack,10.49,7.5,28.5,https://www.woolworths.co.nz/shop/product-details/269709/tip-top-jelly-tip-ice-cream-on-stick-minis,SAVE $2.99
Meadow Fresh Sour Cream Traditional 250g,4.69,3.99,14.9,https://www.woolworths.co.nz/shop/product-details/281714/meadow-fresh-sour-cream-traditional,SAVE $0.70
Coca-Cola Soft Drink Zero Sugar 18 Pack,23.99,18.99,20.8,https://www.woolworths.co.nz/shop/product-details/229585/coca-cola-soft-drink-zero-sugar,
The Collective Greek Probiotic Yoghurt Tub Unsweetened 900g,9.15,6.9,24.6,https://www.woolworths.co.nz/shop/product-details/474707/the-collective-greek-probiotic-yoghurt-tub-unsweetened,SAVE $2.25
Tasti Oat Bars Choc Brownie Baked Squares 150g,4.29,2.79,35.0,https://www.woolworths.co.nz/shop/product-details/268316/tasti-oat-bars-choc-brownie-baked-squares,SAVE $1.50
Woolworths Bread Rolls Baps 6 Pack,4.59,4,12.9,https://www.woolworths.co.nz/shop/product-details/324764/woolworths-bread-rolls-baps,SAVE $0.59
Bluebird Originals Chips Chicken 150g,3.09,2.2,28.8,https://www.woolworths.co.nz/shop/product-details/297517/bluebird-originals-chips-chicken,
So Good Soy Milk Regular Long Life 1L,3.99,3.39,15.0,https://www.woolworths.co.nz/shop/product-details/24318/so-good-soy-milk-regular-long-life,
Cadbury Chocolate Dairy Milk Black Forest 180g,7,3.49,50.1,https://www.woolworths.co.nz/shop/product-details/814620/cadbury-chocolate-dairy-milk-black-forest,SAVE $3.51
Tegel Take Outs Chicken Tenders Free Range Louisiana Style 500g,16.49,8.24,50.0,https://www.woolworths.co.nz/shop/product-details/71227/tegel-take-outs-chicken-tenders-free-range-louisiana-style,
Mainland Grated Cheese Mozzarella 375g,10,8.9,11.0,https://www.woolworths.co.nz/shop/product-details/281916/mainland-grated-cheese-mozzarella,SAVE $1.10
Real Foods Corn Thins Corn Cakes Sour Cream & Chives 125g,2.99,2.39,20.1,https://www.woolworths.co.nz/shop/product-details/747179/real-foods-corn-thins-corn-cakes-sour-cream-chives,
"Keri Fruit Drink Apple, Orange & Mango 2.4L",5.99,4.79,20.0,https://www.woolworths.co.nz/shop/product-details/919039/keri-fruit-drink-apple-orange-mango,
Griffin's Snax Crackers Original 250g,4.2,3,28.6,https://www.woolworths.co.nz/shop/product-details/312806/griffin-s-snax-crackers-original,
Mexicano Corn Chips Cheese 300g,5.3,4,24.5,https://www.woolworths.co.nz/shop/product-details/705822/mexicano-corn-chips-cheese,
Tegel Free Range Chicken Burgers Crunchy Breast 650g,16,8,50.0,https://www.woolworths.co.nz/shop/product-details/307637/tegel-free-range-chicken-burgers-crunchy-breast,
Kleenex Extra Care Tissues Aloe Vera 140 Pack,4.49,3.49,22.3,https://www.woolworths.co.nz/shop/product-details/32969/kleenex-extra-care-tissues-aloe-vera,SAVE $1.00
Bluebird Thin Cut Chips Sour Cream & Chives 140g,3.09,2.2,28.8,https://www.woolworths.co.nz/shop/product-details/297604/bluebird-thin-cut-chips-sour-cream-chives,
Henergy Eggs Cage Free Size 7 12 Pack,9.85,8.85,10.2,https://www.woolworths.co.nz/shop/product-details/352490/henergy-eggs-cage-free-size-7,SAVE $1.00
Anchor Original Soft Spread Dairy Blend 500g,8.29,7.39,10.9,https://www.woolworths.co.nz/shop/product-details/372343/anchor-original-soft-spread-dairy-blend,SAVE $0.90
Maggi 2-Minute Instant Noodles Chicken 360g,4.24,3.39,20.0,https://www.woolworths.co.nz/shop/product-details/343890/maggi-2-minute-instant-noodles-chicken,
Cadbury Chocolate Dairy Milk Caramello 180g,7,3.49,50.1,https://www.woolworths.co.nz/shop/product-details/814622/cadbury-chocolate-dairy-milk-caramello,SAVE $3.51
Country Pride Shaved Leg Ham 200g,5.49,4.5,18.0,https://www.woolworths.co.nz/shop/product-details/183099/country-pride-shaved-leg-ham,SAVE $0.99
Ocean Blue Smoked Salmon Hot Smoked Natural 110g,11,8.5,22.7,https://www.woolworths.co.nz/shop/product-details/242742/ocean-blue-smoked-salmon-hot-smoked-natural,SAVE $2.50
Bluebird Originals Chips Sour Cream & Chives 150g,3.09,2.2,28.8,https://www.woolworths.co.nz/shop/product-details/297516/bluebird-originals-chips-sour-cream-chives,
Tegel Take Outs Chicken Burger Free Range Louisiana Style 600g,16.49,8.24,50.0,https://www.woolworths.co.nz/shop/product-details/173697/tegel-take-outs-chicken-burger-free-range-louisiana-style,
Persil Front & Top Loader Laundry Powder Ultimate 2kg,21.2,16,24.5,https://www.woolworths.co.nz/shop/product-details/468314/persil-front-top-loader-laundry-powder-ultimate,SAVE $5.20
Yoplait Yoghurt Tub Vanilla 1kg,7.25,5.5,24.1,https://www.woolworths.co.nz/shop/product-details/739864/yoplait-yoghurt-tub-vanilla,
So Good Oat Milk Extra Creamy 1L,3.99,3.39,15.0,https://www.woolworths.co.nz/shop/product-details/334369/so-good-oat-milk-extra-creamy,
Griffin's Chocolate Biscuits Thins 180g,3.99,2.99,25.1,https://www.woolworths.co.nz/shop/product-details/34136/griffin-s-chocolate-biscuits-thins,
Pepsi Max Soft Drink 2L,4.79,3.5,26.9,https://www.woolworths.co.nz/shop/product-details/713943/pepsi-max-soft-drink,
Tegel Free Range Chicken Nuggets Tempura Battered 900g,16,8,50.0,https://www.woolworths.co.nz/shop/product-details/307528/tegel-free-range-chicken-nuggets-tempura-battered,
Griffin's Biscuits Superwine Twin Pack 500g,6.89,5.99,13.1,https://www.woolworths.co.nz/shop/product-details/170310/griffin-s-biscuits-superwine-twin-pack,
Indomie Mi Goreng Instant Noodles BBQ Chicken Multi Pack 850g,10.69,9.19,14.0,https://www.woolworths.co.nz/shop/product-details/705082/indomie-mi-goreng-instant-noodles-bbq-chicken-multi-pack,SAVE $1.50
McCain Super Fries Shoestring 900g,5.2,4.2,19.2,https://www.woolworths.co.nz/shop/product-details/662937/mccain-super-fries-shoestring,
SnackaChangi Chips Salt & Vinegar 150g,5.2,3.5,32.7,https://www.woolworths.co.nz/shop/product-details/90357/snackachangi-chips-salt-vinegar,SAVE $1.70
Sprite Lemonade Lemon Lime No Sugar 1.5L,4.99,3.5,29.9,https://www.woolworths.co.nz/shop/product-details/271637/sprite-lemonade-lemon-lime-no-sugar,
Mother Earth Oaty Slices Oat Bars Chocolate Chip 240g,4.89,3.89,20.4,https://www.woolworths.co.nz/shop/product-details/721581/mother-earth-oaty-slices-oat-bars-chocolate-chip,SAVE $1.00
Shore Mariner Salmon Portions 2 x 130g,14,11.49,17.9,https://www.woolworths.co.nz/shop/product-details/435067/shore-mariner-salmon-portions,SAVE $2.51
Bluebird Thick Cut Potato Chips Salted 150g,4.19,2.2,47.5,https://www.woolworths.co.nz/shop/product-details/333257/bluebird-thick-cut-potato-chips-salted,
Woolworths Bread Rolls Long Soft Cheese Topped 6 Pack,5.2,4.5,13.5,https://www.woolworths.co.nz/shop/product-details/324758/woolworths-bread-rolls-long-soft-cheese-topped,SAVE $0.70
Woolworths Streaky Bacon Honey Cured 1kg,19.99,15.99,20.0,https://www.woolworths.co.nz/shop/product-details/797769/woolworths-streaky-bacon-honey-cured,
Chelsea White Sugar 1.5kg,4.69,2.99,36.2,https://www.woolworths.co.nz/shop/product-details/266528/chelsea-white-sugar,SAVE $1.70
Real Foods Corn Thins Crispbread Original 150g,2.99,2.39,20.1,https://www.woolworths.co.nz/shop/product-details/71422/real-foods-corn-thins-crispbread-original,
Tip Top Ice Cream Toppa Mp 438mL,10.49,7.5,28.5,https://www.woolworths.co.nz/shop/product-details/6038847/tip-top-ice-cream-toppa-mp,SAVE $2.99
Cadbury Chocolate Caramilk 180g,7,3.49,50.1,https://www.woolworths.co.nz/shop/product-details/56949/cadbury-chocolate-caramilk,SAVE $3.51
The Natural Confectionery Co. Lollies Party Mix 220g,4.39,3,31.7,https://www.woolworths.co.nz/shop/product-details/211982/the-natural-confectionery-co-lollies-party-mix,SAVE $1.39
Bluebird Thin Cut Chips Ready Salted 140g,3.09,2.2,28.8,https://www.woolworths.co.nz/shop/product-details/297603/bluebird-thin-cut-chips-ready-salted,
Griffin's Cookie Bear Biscuits Shrewsbry Jam Filled 350g,5.95,5.35,10.1,https://www.woolworths.co.nz/shop/product-details/337199/griffin-s-cookie-bear-biscuits-shrewsbry-jam-filled,
"McCain Frozen Mixed Vegetables Peas, Corn & Carrots 1kg",6,4.8,20.0,https://www.woolworths.co.nz/shop/product-details/113920/mccain-frozen-mixed-vegetables-peas-corn-carrots,
L&P Soft Drink Lemon & Paeroa 1.5L,4.99,3.5,29.9,https://www.woolworths.co.nz/shop/product-details/148425/l-p-soft-drink-lemon-paeroa,
San Remo La Pasta Pasta & Sauce Macaroni Cheese 80g,1.39,1.19,14.4,https://www.woolworths.co.nz/shop/product-details/48645/san-remo-la-pasta-pasta-sauce-macaroni-cheese,SAVE $0.20
Paseo Facial Tissue 250 Pack,3.7,2.59,30.0,https://www.woolworths.co.nz/shop/product-details/6031256/paseo-facial-tissue,SAVE $1.11
Delisio Chips Sweet Chilli Relish 140g,3.35,2.49,25.7,https://www.woolworths.co.nz/shop/product-details/198268/delisio-chips-sweet-chilli-relish,
Sunrice Thin Rice Cakes Sour Cream & Chives 160g,2.99,2.69,10.0,https://www.woolworths.co.nz/shop/product-details/267172/sunrice-thin-rice-cakes-sour-cream-chives,SAVE $0.30
Galaxy Feta Cheese Creamy Greek Style 200g,5.79,5.2,10.2,https://www.woolworths.co.nz/shop/product-details/674695/galaxy-feta-cheese-creamy-greek-style,SAVE $0.59
Monster Energy Energy Drink Zero Ultra 500mL,3.99,2.99,25.1,https://www.woolworths.co.nz/shop/product-details/489787/monster-energy-energy-drink-zero-ultra,SAVE $1.00
Kettle Chip Company Chips Honey Soy Chicken 150g,5,2.99,40.2,https://www.woolworths.co.nz/shop/product-details/679981/kettle-chip-company-chips-honey-soy-chicken,SAVE $2.01
Oreo Creme Filled Biscuits Original Minis 204g,4.99,4.49,10.0,https://www.woolworths.co.nz/shop/product-details/317455/oreo-creme-filled-biscuits-original-minis,
Woolworths Free Farmed NZ Pork Leg Roast Bone In Min Order 2kg,13.99,10.99,21.4,https://www.woolworths.co.nz/shop/product-details/65813/woolworths-free-farmed-nz-pork-leg-roast-bone-in,SAVE $3.00
L&P Soft Drink Sweet As Sugar Free 1.5L,4.99,3.5,29.9,https://www.woolworths.co.nz/shop/product-details/271736/l-p-soft-drink-sweet-as-sugar-free,
Eta Munchos Corn Snacks Spicy Tomato 100g,3.09,2.49,19.4,https://www.woolworths.co.nz/shop/product-details/768837/eta-munchos-corn-snacks-spicy-tomato,
Woolworths NZ Chicken Nibbles NZ Min Order 1kg,13.6,11.8,13.2,https://www.woolworths.co.nz/shop/product-details/57133/woolworths-nz-chicken-nibbles-nz,SAVE $1.80
Woodland Eggs Free Range Size 7 10 Pack,10.99,7.1,35.4,https://www.woolworths.co.nz/shop/product-details/774153/woodland-eggs-free-range-size-7,
Chobani Greek Yoghurt Natural Light 907g,8.99,7.99,11.1,https://www.woolworths.co.nz/shop/product-details/717518/chobani-greek-yoghurt-natural-light,
Meadow Fresh Kids Yoghurt Pouch Strawberry Spiderman 70g,2.09,1.85,11.5,https://www.woolworths.co.nz/shop/product-details/217226/meadow-fresh-kids-yoghurt-pouch-strawberry-spiderman,SAVE $0.24
Keri Fruit Juice Orange With Apple Base 2.4L,5.99,4.79,20.0,https://www.woolworths.co.nz/shop/product-details/919312/keri-fruit-juice-orange-with-apple-base,
Doritos Corn Chips Cheese Supreme 170g,3.9,2.5,35.9,https://www.woolworths.co.nz/shop/product-details/826731/doritos-corn-chips-cheese-supreme,
Mainland Grated Cheese Tasty 375g,10,8.9,11.0,https://www.woolworths.co.nz/shop/product-details/281913/mainland-grated-cheese-tasty,SAVE $1.10
Woolworths NZ Pork Mince Free Farmed 13% Fat 500g,10.99,8.25,24.9,https://www.woolworths.co.nz/shop/product-details/43151/woolworths-nz-pork-mince-free-farmed-13-fat,SAVE $2.74
Bluebird Poppa Jacks Wheat Snacks Multipack 72g 6 Pack,4.4,3.5,20.5,https://www.woolworths.co.nz/shop/product-details/197379/bluebird-poppa-jacks-wheat-snacks-multipack-72g,
Meadow Fresh Cream Cheese 250g,5.69,5.1,10.4,https://www.woolworths.co.nz/shop/product-details/281608/meadow-fresh-cream-cheese,SAVE $0.59
Woolworths NZ Free Farmed Pork Loin 500g steak 4 Pack,18.8,16.99,9.6,https://www.woolworths.co.nz/shop/product-details/131001/woolworths-nz-free-farmed-pork-loin-500g,SAVE $1.81
Just Juice Fruit Juice Tropical 1L,3.99,3,24.8,https://www.woolworths.co.nz/shop/product-details/651876/just-juice-fruit-juice-tropical,SAVE $0.99
Doritos Multipack Corn Chips Supreme Cheese 90g 5 Pack,4.4,3.5,20.5,https://www.woolworths.co.nz/shop/product-details/198343/doritos-multipack-corn-chips-supreme-cheese-90g,
Skippy Cereal Cornflakes 500g,4.99,4.19,16.0,https://www.woolworths.co.nz/shop/product-details/266582/skippy-cereal-cornflakes,
Woolworths NZ Free Farmed Pork Loin Chops Min Order 650g,19.99,16.99,15.0,https://www.woolworths.co.nz/shop/product-details/65834/woolworths-nz-free-farmed-pork-loin-chops,SAVE $3.00
Macro Free Range Skinless Chicken Thighs Fillets Min Order 550g,31.95,27.9,12.7,https://www.woolworths.co.nz/shop/product-details/57179/macro-free-range-skinless-chicken-thighs-fillets,SAVE $4.05
Tegel Free Range Chicken Tenders Southern Style 750g,16,8,50.0,https://www.woolworths.co.nz/shop/product-details/307516/tegel-free-range-chicken-tenders-southern-style,
Bluebird Rashuns Corn Snacks 190g,5,4,20.0,https://www.woolworths.co.nz/shop/product-details/335546/bluebird-rashuns-corn-snacks,
Bluebird Thick Cut Potato Chips Salt & Vinegar 150g,4.19,2.2,47.5,https://www.woolworths.co.nz/shop/product-details/335454/bluebird-thick-cut-potato-chips-salt-vinegar,
Cadbury chocolate block 170g,7,3.49,50.1,https://www.woolworths.co.nz/shop/product-details/6054458/cadbury-biscoff-chocolate-block,
Anchor Protein Plus Yoghurt Pouch Mixed Berry 165g,3.75,2.99,20.3,https://www.woolworths.co.nz/shop/product-details/6007797/anchor-protein-plus-yoghurt-pouch-mixed-berry,SAVE $0.76
Chobani Greek Yoghurt Raspberry 160g,3.15,2.65,15.9,https://www.woolworths.co.nz/shop/product-details/267392/chobani-greek-yoghurt-raspberry,
Auntie Dai's Steamed Buns BBQ Pork 400g 4 Pack,9.49,7.99,15.8,https://www.woolworths.co.nz/shop/product-details/245547/auntie-dai-s-steamed-buns-bbq-pork-400g,SAVE $1.50
The Collective Sour Cream Squeezy 125g,2.69,2.4,10.8,https://www.woolworths.co.nz/shop/product-details/219117/the-collective-sour-cream-squeezy,SAVE $0.29
McCain Pub Style Fries Beer Batter Steak Cut 750g,6,4.9,18.3,https://www.woolworths.co.nz/shop/product-details/249351/mccain-pub-style-fries-beer-batter-steak-cut,
Chobani Greek Yoghurt Mango 160g,3.15,2.65,15.9,https://www.woolworths.co.nz/shop/product-details/267174/chobani-greek-yoghurt-mango,
Cadbury Old Gold Chocolate Block Dark Chocolate 70 165g,7,3.49,50.1,https://www.woolworths.co.nz/shop/product-details/6064244/cadbury-old-gold-chocolate-block-dark-chocolate-70,
Diamond Pasta Macaroni 500g,2.99,2.49,16.7,https://www.woolworths.co.nz/shop/product-details/728012/diamond-pasta-macaroni,SAVE $0.50
Coca-Cola Soft Drink 18 Pack,23.99,18.99,20.8,https://www.woolworths.co.nz/shop/product-details/660269/coca-cola-soft-drink,
Mama San Frozen Edamame Soy Beans Shelled 454g,4.29,3.5,18.4,https://www.woolworths.co.nz/shop/product-details/702489/mama-san-frozen-edamame-soy-beans-shelled,
The Natural Confectionery Co. Lollies Mega Snakes 170g,4.39,3,31.7,https://www.woolworths.co.nz/shop/product-details/6073819/the-natural-confectionery-co-lollies-mega-snakes,
"Herbert Adams Frozen Pies Wine, Beef & Pepper 400g",10.49,8.99,14.3,https://www.woolworths.co.nz/shop/product-details/680630/herbert-adams-frozen-pies-wine-beef-pepper,
Turkish Bread Pizza Bases Thin & Crispy 3 Pack,5.79,5.2,10.2,https://www.woolworths.co.nz/shop/product-details/279126/turkish-bread-pizza-bases-thin-crispy,SAVE $0.59
Vitasoy Oat Milky UHT Milk 1L,3.99,2.99,25.1,https://www.woolworths.co.nz/shop/product-details/148781/vitasoy-oat-milky-uht-milk,
Just Juice Fruit Juice Orange & Mango 1L,3.99,3,24.8,https://www.woolworths.co.nz/shop/product-details/652020/just-juice-fruit-juice-orange-mango,SAVE $0.99
Cadbury Chocolate Old Gold Peppermint 180g,7,3.49,50.1,https://www.woolworths.co.nz/shop/product-details/817370/cadbury-chocolate-old-gold-peppermint,
Leanne's Kitchen Dumplings Pork & Cabbage 250g,4,2.99,25.2,https://www.woolworths.co.nz/shop/product-details/487319/leanne-s-kitchen-dumplings-pork-cabbage,SAVE $1.01
Handee Paper Towels White 2 Pack,5.19,4.29,17.3,https://www.woolworths.co.nz/shop/product-details/264592/handee-paper-towels-white,SAVE $0.90
Cadbury Baking Milk Chocolate Chips 200g,6.5,5.5,15.4,https://www.woolworths.co.nz/shop/product-details/829004/cadbury-baking-milk-chocolate-chips,SAVE $1.00
Griffin's Cookie Bear Biscuits Chockie Chip Share Pack 320g,5.95,5.35,10.1,https://www.woolworths.co.nz/shop/product-details/337198/griffin-s-cookie-bear-biscuits-chockie-chip-share-pack,
Beak & Sons Pork Ribs Hickory BBQ Min order 1kg 1kg,24.49,22,10.2,https://www.woolworths.co.nz/shop/product-details/671102/beak-sons-pork-ribs-hickory-bbq-min-order-1kg,SAVE $2.49
V Sugar Free Energy Drink 250ml 4 Pack,9.49,6.5,31.5,https://www.woolworths.co.nz/shop/product-details/264490/v-sugar-free-energy-drink-250ml,
Sealord Fish Fillets Hoki Classic Crumb 425g,9.5,8.5,10.5,https://www.woolworths.co.nz/shop/product-details/6024389/sealord-fish-fillets-hoki-classic-crumb,
Mama San Sushi Rice 1kg,3.89,3.49,10.3,https://www.woolworths.co.nz/shop/product-details/781400/mama-san-sushi-rice,SAVE $0.40
Nescafe Gold Original Instant Coffee 90g,13,10.29,20.8,https://www.woolworths.co.nz/shop/product-details/689466/nescafe-gold-original-instant-coffee,SAVE $2.71
Weet-Bix Bites Cereal Wildberry 500g,8.49,6.99,17.7,https://www.woolworths.co.nz/shop/product-details/319428/weet-bix-bites-cereal-wildberry,
Cadbury Chocolate Dairy Milk Marvellous Creation 190g,7,3.49,50.1,https://www.woolworths.co.nz/shop/product-details/814894/cadbury-chocolate-dairy-milk-marvellous-creation,SAVE $3.51
Farrah's Taco Tortillas Small 12 pack,6.99,5.49,21.5,https://www.woolworths.co.nz/shop/product-details/525659/farrah-s-taco-tortillas-small,SAVE $1.50
Sprite Lemonade Lemon Lime 1.5L,4.99,3.5,29.9,https://www.woolworths.co.nz/shop/product-details/271671/sprite-lemonade-lemon-lime,
Mother Earth Fruit Sticks Apple & Strawberry 152g,3.9,3.5,10.3,https://www.woolworths.co.nz/shop/product-details/293098/mother-earth-fruit-sticks-apple-strawberry,
Mother Earth Oaty Slices Oat Bars Afghan 240g,4.89,3.89,20.4,https://www.woolworths.co.nz/shop/product-details/700599/mother-earth-oaty-slices-oat-bars-afghan,SAVE $1.00
Goodness Me Really Fruity Fruit Sticks Strawberry & Blueberry 120g,5.64,4.5,20.2,https://www.woolworths.co.nz/shop/product-details/114581/goodness-me-really-fruity-fruit-sticks-strawberry-blueberry,SAVE $1.14
Mainland Cheese Colby 700g,13.9,11.5,17.3,https://www.woolworths.co.nz/shop/product-details/92736/mainland-cheese-colby,SAVE $2.40
Leaning Tower Pizza Meatlovers 400g,3.79,2.95,22.2,https://www.woolworths.co.nz/shop/product-details/279219/leaning-tower-pizza-meatlovers,SAVE $0.84
Woolworths Streaky Bacon Honey Cured 250g,6.89,6.15,10.7,https://www.woolworths.co.nz/shop/product-details/281979/woolworths-streaky-bacon-honey-cured,
Nanna's Snack Frozen Fruit Pie Apple 4 Pack,8.79,4.99,43.2,https://www.woolworths.co.nz/shop/product-details/800706/nanna-s-snack-frozen-fruit-pie-apple,
Tegel Free Range Chicken Steaks Chargrill 650g,16,8,50.0,https://www.woolworths.co.nz/shop/product-details/307589/tegel-free-range-chicken-steaks-chargrill,
Griffin's Chit Chat Chocolate Biscuits Milk Chocolate 200g,4.99,2.99,40.1,https://www.woolworths.co.nz/shop/product-details/6024950/griffin-s-chit-chat-chocolate-biscuits-milk-chocolate,
Woolworths Sourdough Bread Loaf White,7,6.3,10.0,https://www.woolworths.co.nz/shop/product-details/387333/woolworths-sourdough-bread-loaf-white,
Copper Kettle Multipack Chips Sea Salt 110g 5 Pack,5.49,3.5,36.2,https://www.woolworths.co.nz/shop/product-details/198233/copper-kettle-multipack-chips-sea-salt-110g,
Marmite Yeast Spread 250g,5.29,4.49,15.1,https://www.woolworths.co.nz/shop/product-details/79628/marmite-yeast-spread,SAVE $0.80
Herbert Adams Frozen Pies Slow Cooked Chunky Vide Beef 400g,10.49,8.99,14.3,https://www.woolworths.co.nz/shop/product-details/786301/herbert-adams-frozen-pies-slow-cooked-chunky-vide-beef,SAVE $1.50
Delisio Chips Caramelised Onion & Vinegar 140g,3.35,2.49,25.7,https://www.woolworths.co.nz/shop/product-details/198484/delisio-chips-caramelised-onion-vinegar,
Farrah's Burrito Tortillas Medium 10 pack,6.99,5.49,21.5,https://www.woolworths.co.nz/shop/product-details/525657/farrah-s-burrito-tortillas-medium,SAVE $1.50
Kiwi Soft Toilet Paper 18pk White,7.49,6.29,16.0,https://www.woolworths.co.nz/shop/product-details/785052/kiwi-soft-toilet-paper-18pk-white,SAVE $1.20
Tegel Meal Maker Free Range Shredded Roast Chicken 260g,12.5,6.25,50.0,https://www.woolworths.co.nz/shop/product-details/243947/tegel-meal-maker-free-range-shredded-roast-chicken,
Trident Sweet Chilli Sauce 285mL,3.3,2.7,18.2,https://www.woolworths.co.nz/shop/product-details/24765/trident-sweet-chilli-sauce,SAVE $0.60
Yoplait Yoghurt Tub Greek Style Natural 1kg,7.95,6.95,12.6,https://www.woolworths.co.nz/shop/product-details/282403/yoplait-yoghurt-tub-greek-style-natural,
Arnott's Salada Crackers Original 250g,3.99,3.5,12.3,https://www.woolworths.co.nz/shop/product-details/36019/arnott-s-salada-crackers-original,SAVE $0.49
Sealord Sensations Tuna Smoked 95g,2.8,1.69,39.6,https://www.woolworths.co.nz/shop/product-details/200958/sealord-sensations-tuna-smoked,
Cadbury Chocolate Dream White Chocolate 180g,7,3.49,50.1,https://www.woolworths.co.nz/shop/product-details/814632/cadbury-chocolate-dream-white-chocolate,SAVE $3.51
The Natural Confectionery Co. Lollies Snakes 230g,4.39,3,31.7,https://www.woolworths.co.nz/shop/product-details/211973/the-natural-confectionery-co-lollies-snakes,SAVE $1.39
United Food Co Bao Buns 480g 8 Pack,7,6,14.3,https://www.woolworths.co.nz/shop/product-details/64667/united-food-co-bao-buns-480g,SAVE $1.00
Whittaker's Chocolate Bar Peanut Slab 50g,2.69,1.99,26.0,https://www.woolworths.co.nz/shop/product-details/71484/whittaker-s-chocolate-bar-peanut-slab,SAVE $0.70
Nice & Natural Fruit Snacks Strawberry Strings 136g,4.89,4.2,14.1,https://www.woolworths.co.nz/shop/product-details/334160/nice-natural-fruit-snacks-strawberry-strings,SAVE $0.69
Griffin's Ginger Biscuits Gingernuts Twin Pack 500g,6.89,5.99,13.1,https://www.woolworths.co.nz/shop/product-details/170312/griffin-s-ginger-biscuits-gingernuts-twin-pack,
Pascall Chocolate Lollies Pineapple Lumps 120g,3.99,2.49,37.6,https://www.woolworths.co.nz/shop/product-details/237591/pascall-chocolate-lollies-pineapple-lumps,SAVE $1.50
Popcorners Corn Snacks Sweet & Salty 130g,3.9,3.1,20.5,https://www.woolworths.co.nz/shop/product-details/914330/popcorners-corn-snacks-sweet-salty,
The Collective Greek Probiotic Yoghurt Tub Vanilla Bean 900g,9.15,6.9,24.6,https://www.woolworths.co.nz/shop/product-details/134143/the-collective-greek-probiotic-yoghurt-tub-vanilla-bean,SAVE $2.25
Bluebird Thin Cut Chips Chicken 140g,3.09,2.2,28.8,https://www.woolworths.co.nz/shop/product-details/297601/bluebird-thin-cut-chips-chicken,
Woolworths NZ Beef 2pk Sirloin Steak Grass Fed Min Order 400g,49.99,44.99,10.0,https://www.woolworths.co.nz/shop/product-details/67782/woolworths-nz-beef-2pk-sirloin-steak-grass-fed-min-order-400g,SAVE $5.00
Mainland Cheese Edam 700g,13.9,11.5,17.3,https://www.woolworths.co.nz/shop/product-details/281914/mainland-cheese-edam,SAVE $2.40
Diamond Pasta Spaghetti 500g,2.99,2.49,16.7,https://www.woolworths.co.nz/shop/product-details/727664/diamond-pasta-spaghetti,SAVE $0.50
Meadow Fresh Kids Yoghurt Pouch Mixed Berry Frozen 70g,2.09,1.85,11.5,https://www.woolworths.co.nz/shop/product-details/218076/meadow-fresh-kids-yoghurt-pouch-mixed-berry-frozen,SAVE $0.24
Beak & Sons Pork Ribs Chinese BBQ 1kg,24.49,22,10.2,https://www.woolworths.co.nz/shop/product-details/671107/beak-sons-pork-ribs-chinese-bbq,SAVE $2.49
Tuffy Paper Towels Double Length White 2 Pack,6.8,4.99,26.6,https://www.woolworths.co.nz/shop/product-details/909114/tuffy-paper-towels-double-length-white,SAVE $1.81
Keri Fruit Drink Apple 2.4L,5.99,4.79,20.0,https://www.woolworths.co.nz/shop/product-details/919277/keri-fruit-drink-apple,
Sealord Sensations Tuna Lemon Pepper 95g,2.8,1.69,39.6,https://www.woolworths.co.nz/shop/product-details/200966/sealord-sensations-tuna-lemon-pepper,
Tasti Nut Bars Dark Choc Cranberry 210g,5.89,3.9,33.8,https://www.woolworths.co.nz/shop/product-details/789182/tasti-nut-bars-dark-choc-cranberry,SAVE $1.99
SnackaChangi Chips Salted 150g,5.2,3.5,32.7,https://www.woolworths.co.nz/shop/product-details/90716/snackachangi-chips-salted,SAVE $1.70
Sealord Tuna Chunk Style In Spring Water 95g,2.8,1.69,39.6,https://www.woolworths.co.nz/shop/product-details/742570/sealord-tuna-chunk-style-in-spring-water,
Cinderella Cranberries Dried 150g,3.5,3,14.3,https://www.woolworths.co.nz/shop/product-details/274792/cinderella-cranberries-dried,
Heinz Seriously Good Aioli Garlic 295mL,7.4,5.8,21.6,https://www.woolworths.co.nz/shop/product-details/706158/heinz-seriously-good-aioli-garlic,SAVE $1.60
Nice & Natural Fruit Snack 4D Blocks 120g,4.89,4.2,14.1,https://www.woolworths.co.nz/shop/product-details/6000061/nice-natural-fruit-snack-4d-blocks,SAVE $0.69
Hellers Sausages Old Fashioned Beef 6 Pack,13,11.6,10.8,https://www.woolworths.co.nz/shop/product-details/791925/hellers-sausages-old-fashioned-beef,SAVE $1.40
Meadowlea Spread Buttery 500g,5.49,4.2,23.5,https://www.woolworths.co.nz/shop/product-details/768529/meadowlea-spread-buttery,SAVE $1.29
Raro Beverage Mix Tropical 3 Pack,2.39,2.09,12.6,https://www.woolworths.co.nz/shop/product-details/264569/raro-beverage-mix-tropical,
Morning Fresh Dishwash Liquid Limited Edition 400mL,5.49,3.5,36.2,https://www.woolworths.co.nz/shop/product-details/829570/morning-fresh-dishwash-liquid-limited-edition,SAVE $1.99
alpro Soy Milk Coconut Barista 1L,5.79,3.99,31.1,https://www.woolworths.co.nz/shop/product-details/171176/alpro-soy-milk-coconut-barista,SAVE $1.80
Orchard Gold Frozen Mixed Berries Premium 500g,8.3,7.4,10.8,https://www.woolworths.co.nz/shop/product-details/316978/orchard-gold-frozen-mixed-berries-premium,
Pop'n'Good Popcorn Butter Max 150g,3,2.7,10.0,https://www.woolworths.co.nz/shop/product-details/411724/pop-n-good-popcorn-butter-max,SAVE $0.30
Wattie's Pasta Sauce Garlic 420g,4.2,2.9,31.0,https://www.woolworths.co.nz/shop/product-details/279296/wattie-s-pasta-sauce-garlic,SAVE $1.30
Purex Toilet Paper 4pk White Unscented 2 Ply,3.25,2.79,14.2,https://www.woolworths.co.nz/shop/product-details/264242/purex-toilet-paper-4pk-white-unscented-2-ply,SAVE $0.46
Hellers Frankfurters Family 1kg,13.95,12.5,10.4,https://www.woolworths.co.nz/shop/product-details/563985/hellers-frankfurters-family,SAVE $1.45
Chobani Greek Yoghurt Passionfruit 160g,3.15,2.65,15.9,https://www.woolworths.co.nz/shop/product-details/265590/chobani-greek-yoghurt-passionfruit,
Cheetos Multipack Corn Snacks Crunchy Cheese 114g 6 Pack,5,3.5,30.0,https://www.woolworths.co.nz/shop/product-details/290774/cheetos-multipack-corn-snacks-crunchy-cheese-114g,
"Dolmio Extra Pasta Sauce Tomato, Onion & Roast Garlic 500g",5.3,3.99,24.7,https://www.woolworths.co.nz/shop/product-details/758342/dolmio-extra-pasta-sauce-tomato-onion-roast-garlic,
Mother Earth Oaty Slices Oat Bars Apricot Choc 240g,4.89,3.89,20.4,https://www.woolworths.co.nz/shop/product-details/293067/mother-earth-oaty-slices-oat-bars-apricot-choc,SAVE $1.00
Tip Top Ice Cream Polar Pie 6 Pack,10.49,7.5,28.5,https://www.woolworths.co.nz/shop/product-details/151191/tip-top-ice-cream-polar-pie,SAVE $2.99
The Natural Confectionery Co. Juicy Bursts Strawberry & Raspberry 150g,4.39,3,31.7,https://www.woolworths.co.nz/shop/product-details/6022769/the-natural-confectionery-co-juicy-bursts-strawberry-raspberry,SAVE $1.39
Otaika Valley Eggs Free Range Size 7 6 Pack,6.75,5.9,12.6,https://www.woolworths.co.nz/shop/product-details/820954/otaika-valley-eggs-free-range-size-7,SAVE $0.85
Cadbury Chocolate Dairy Milk Bubbly Mint 160g,7,3.49,50.1,https://www.woolworths.co.nz/shop/product-details/813881/cadbury-chocolate-dairy-milk-bubbly-mint,SAVE $3.51
Eta Munchos Cheese & Onion 100g,3.09,2.49,19.4,https://www.woolworths.co.nz/shop/product-details/768901/eta-munchos-cheese-onion,
Oscar Wet Cat Food Favourites Selection Jelly 12x85g,14.2,9.89,30.4,https://www.woolworths.co.nz/shop/product-details/198949/oscar-wet-cat-food-favourites-selection-jelly,SAVE $4.31
Sanitarium Cereal Ricies 460g,5.59,3.99,28.6,https://www.woolworths.co.nz/shop/product-details/324621/sanitarium-cereal-ricies,
Dolmio Extra Pasta Sauce Bolognese 500g,5.3,3.99,24.7,https://www.woolworths.co.nz/shop/product-details/758286/dolmio-extra-pasta-sauce-bolognese,
Hellers Cheerios Original Gluten Free 1kg,13.95,12.5,10.4,https://www.woolworths.co.nz/shop/product-details/757239/hellers-cheerios-original-gluten-free,SAVE $1.45
Moogurt Suckies Kids Probiotic Yoghurt Strawberry 10 Pack,14.25,10.9,23.5,https://www.woolworths.co.nz/shop/product-details/162571/moogurt-suckies-kids-probiotic-yoghurt-strawberry,
Bluebird Originals Chips Green Onion 150g,3.09,2.2,28.8,https://www.woolworths.co.nz/shop/product-details/297514/bluebird-originals-chips-green-onion,
Turkish Bread Naan Bread Garlic 2 Pack,5.99,4.8,19.9,https://www.woolworths.co.nz/shop/product-details/812820/turkish-bread-naan-bread-garlic,SAVE $1.19
Tegel Take Outs Chicken Portions Free Range Louisiana Style 1kg,16.49,8.24,50.0,https://www.woolworths.co.nz/shop/product-details/71375/tegel-take-outs-chicken-portions-free-range-louisiana-style,
Craig's Fruit Jam Raspberry 375g,5.09,3.99,21.6,https://www.woolworths.co.nz/shop/product-details/269895/craig-s-fruit-jam-raspberry,SAVE $1.10
Arnott's Farmbake Cookies Chocolate Chip 310g,4.39,3.8,13.4,https://www.woolworths.co.nz/shop/product-details/143166/arnott-s-farmbake-cookies-chocolate-chip,
Patak's Recipe Base Butter Chicken Mild 450g,5.99,4.59,23.4,https://www.woolworths.co.nz/shop/product-details/580621/patak-s-recipe-base-butter-chicken-mild,SAVE $1.40
V Vitalise Energy Drink 250ml 4 Pack,9.49,6.5,31.5,https://www.woolworths.co.nz/shop/product-details/132815/v-vitalise-energy-drink-250ml,
Moogurt Suckies Kids Probiotic Yoghurt Berry 10 Pack,14.25,10.9,23.5,https://www.woolworths.co.nz/shop/product-details/164063/moogurt-suckies-kids-probiotic-yoghurt-berry,
Kellogg's Nutrigrain Cereal 470g,10.1,5.99,40.7,https://www.woolworths.co.nz/shop/product-details/276187/kellogg-s-nutrigrain-cereal,
Real Foods Corn Thins Crispbread Multigrain 150g,2.99,2.39,20.1,https://www.woolworths.co.nz/shop/product-details/4021/real-foods-corn-thins-crispbread-multigrain,
Anchor Cheese Slices Tasty 250g,5.25,4.6,12.4,https://www.woolworths.co.nz/shop/product-details/684061/anchor-cheese-slices-tasty,SAVE $0.65
Ocean Blue Smoked Salmon Hot Smoked Pepper 110g,11,8.5,22.7,https://www.woolworths.co.nz/shop/product-details/242239/ocean-blue-smoked-salmon-hot-smoked-pepper,SAVE $2.50
Betty Crocker Brownie Mix Triple Chocolate 500g,9,5.39,40.1,https://www.woolworths.co.nz/shop/product-details/225676/betty-crocker-brownie-mix-triple-chocolate,
Cadbury Chocolate Dairy Milk Top Deck 180g,7,3.49,50.1,https://www.woolworths.co.nz/shop/product-details/814624/cadbury-chocolate-dairy-milk-top-deck,SAVE $3.51
Meadow Fresh Kids Yoghurt Pouch Vanilla Cars 70g,2.09,1.85,11.5,https://www.woolworths.co.nz/shop/product-details/217464/meadow-fresh-kids-yoghurt-pouch-vanilla-cars,
Premier Bacon Pieces 350g,5.39,4.5,16.5,https://www.woolworths.co.nz/shop/product-details/282003/premier-bacon-pieces,SAVE $0.89
Kleenex Tissues Large N Thick 3 Ply 95 Pack,4.49,3.49,22.3,https://www.woolworths.co.nz/shop/product-details/172610/kleenex-tissues-large-n-thick-3-ply,SAVE $1.00
Cadbury Chocolate Dairy Milk Coconut Rough 180g,7,3.49,50.1,https://www.woolworths.co.nz/shop/product-details/815197/cadbury-chocolate-dairy-milk-coconut-rough,SAVE $3.51
Coca-Cola Soft Drink Zero Sugar Zero Caffeine 1.5L,4.99,3.5,29.9,https://www.woolworths.co.nz/shop/product-details/246807/coca-cola-soft-drink-zero-sugar-zero-caffeine,SAVE $1.49
Copper Kettle Multipack Chips Wood Fired BBQ 110g 5 Pack,5.49,3.5,36.2,https://www.woolworths.co.nz/shop/product-details/197191/copper-kettle-multipack-chips-wood-fired-bbq-110g,
Abe's Bagels High Protein Low Carb 360g,5.29,4.7,11.2,https://www.woolworths.co.nz/shop/product-details/6020138/abe-s-bagels-high-protein-low-carb,
McCain Super Fries Crinkle Cut 900g,5.2,4.2,19.2,https://www.woolworths.co.nz/shop/product-details/662935/mccain-super-fries-crinkle-cut,
Vitasoy Soy Milky Regular UHT Milk 1L,4.2,2.99,28.8,https://www.woolworths.co.nz/shop/product-details/212840/vitasoy-soy-milky-regular-uht-milk,
Woolworths NZ Lamb Chops Loin Grass Fed Min Order 600g,39.99,29.99,25.0,https://www.woolworths.co.nz/shop/product-details/66419/woolworths-nz-lamb-chops-loin-grass-fed,SAVE $10.00
V Blue Energy Drink 4 Pack,9.49,6.5,31.5,https://www.woolworths.co.nz/shop/product-details/729764/v-blue-energy-drink,SAVE $2.99
High Mark Soy Sauce Golden 550mL,4.1,3.49,14.9,https://www.woolworths.co.nz/shop/product-details/270415/high-mark-soy-sauce-golden,SAVE $0.61
Arnott's Tim Tam Chocolate Biscuits Chewy Caramel 175g,5.39,3.99,26.0,https://www.woolworths.co.nz/shop/product-details/117833/arnott-s-tim-tam-chocolate-biscuits-chewy-caramel,
Leanne's Kitchen Dumplings Pork & Prawn 250g,4,2.99,25.2,https://www.woolworths.co.nz/shop/product-details/329874/leanne-s-kitchen-dumplings-pork-prawn,SAVE $1.01
Abe's Bagels The Parmesan 4 Pack,5.29,4.7,11.2,https://www.woolworths.co.nz/shop/product-details/270578/abe-s-bagels-the-parmesan,
Fancy Feast Gravy Lovers Wet Cat Food Grilled Chicken In Gravy 85g,1.85,1.35,27.0,https://www.woolworths.co.nz/shop/product-details/360608/fancy-feast-gravy-lovers-wet-cat-food-grilled-chicken-in-gravy,SAVE $0.50
Milo Breakfast Cereal 620g,9.8,7.8,20.4,https://www.woolworths.co.nz/shop/product-details/387352/milo-breakfast-cereal,
Hellers Ham Shaved Champagne Leg 100g,4.29,3.5,18.4,https://www.woolworths.co.nz/shop/product-details/971404/hellers-ham-shaved-champagne-leg,SAVE $0.79
Anchor Protein Plus Yoghurt Pouch Caramel 165g,3.75,2.99,20.3,https://www.woolworths.co.nz/shop/product-details/6008572/anchor-protein-plus-yoghurt-pouch-caramel,SAVE $0.76
Avalanche Drinking Chocolate 99% Sugar Free 200g,6.99,4.69,32.9,https://www.woolworths.co.nz/shop/product-details/692623/avalanche-drinking-chocolate-99-sugar-free,SAVE $2.30
Otaika Valley Eggs Free Range Size 7 18 Pack,18.89,16.4,13.2,https://www.woolworths.co.nz/shop/product-details/121122/otaika-valley-eggs-free-range-size-7,SAVE $2.49
Chobani 15G High Protein Greek Yoghurt Strawberry 160g,3.95,2.99,24.3,https://www.woolworths.co.nz/shop/product-details/387647/chobani-15g-high-protein-greek-yoghurt-strawberry,
Delmaine Gherkins Whole 670g,4.39,3.8,13.4,https://www.woolworths.co.nz/shop/product-details/264799/delmaine-gherkins-whole,SAVE $0.59
Doritos Multipack Corn Chips Thai Sweet Chilli 90g 5 Pack,4.4,3.5,20.5,https://www.woolworths.co.nz/shop/product-details/198154/doritos-multipack-corn-chips-thai-sweet-chilli-90g,
Tasti Chia Seeds 250g,6.19,5.55,10.3,https://www.woolworths.co.nz/shop/product-details/157033/tasti-chia-seeds,
Whiskas Wet Cat Food Mixed Favourites In Jelly 18x85g,17.2,14.3,16.9,https://www.woolworths.co.nz/shop/product-details/150537/whiskas-wet-cat-food-mixed-favourites-in-jelly,SAVE $2.90
Kettle Chip Company Chips Original Sea Salt 150g,5,2.99,40.2,https://www.woolworths.co.nz/shop/product-details/679984/kettle-chip-company-chips-original-sea-salt,SAVE $2.01
The Natural Confectionery Co. Lollies Sour Squirms 220g,4.39,3,31.7,https://www.woolworths.co.nz/shop/product-details/210630/the-natural-confectionery-co-lollies-sour-squirms,SAVE $1.39
Sealord Sensations Tuna Tomato & Basil 95g,2.8,1.69,39.6,https://www.woolworths.co.nz/shop/product-details/200967/sealord-sensations-tuna-tomato-basil,
Tegel Take Outs Chicken Strips Free Range Memphis BBQ Style 500g,16.49,8.24,50.0,https://www.woolworths.co.nz/shop/product-details/962060/tegel-take-outs-chicken-strips-free-range-memphis-bbq-style,
Mainland Cheese Tasty 500g,13.9,11.5,17.3,https://www.woolworths.co.nz/shop/product-details/281898/mainland-cheese-tasty,SAVE $2.40
Persil Front & Top Loader Laundry Powder Sensitive 2kg,21.2,16,24.5,https://www.woolworths.co.nz/shop/product-details/468306/persil-front-top-loader-laundry-powder-sensitive,SAVE $5.20
Herbert Adams Frozen Pies Slow Cooked Beef & Mushroom 400g,10.49,8.99,14.3,https://www.woolworths.co.nz/shop/product-details/786269/herbert-adams-frozen-pies-slow-cooked-beef-mushroom,SAVE $1.50
Coca-Cola No Sugar Soft Drink Vanilla 1.5L,4.99,3.5,29.9,https://www.woolworths.co.nz/shop/product-details/709136/coca-cola-no-sugar-soft-drink-vanilla,SAVE $1.49
Anchor Protein+ Flavoured Milk Chocolate Shake 375mL,5.49,4.95,9.8,https://www.woolworths.co.nz/shop/product-details/6029198/anchor-protein-flavoured-milk-chocolate-shake,
Diamond Pasta Penne 500g,2.99,2.49,16.7,https://www.woolworths.co.nz/shop/product-details/728007/diamond-pasta-penne,SAVE $0.50
Sunbites Grain Waves Multipack Sour Cream & Chives 108g 6 Pack,4.4,3.5,20.5,https://www.woolworths.co.nz/shop/product-details/198278/sunbites-grain-waves-multipack-sour-cream-chives-108g,
Ceres Organics Rice Cakes Brown With Salt 110g,3.69,3.3,10.6,https://www.woolworths.co.nz/shop/product-details/363227/ceres-organics-rice-cakes-brown-with-salt,SAVE $0.39
Wattie's Classic Hash Browns 500g,5.39,4.6,14.7,https://www.woolworths.co.nz/shop/product-details/146741/wattie-s-classic-hash-browns,
Chobani 15G High Protein Greek Yoghurt Salted Caramel 160g,3.95,2.99,24.3,https://www.woolworths.co.nz/shop/product-details/388712/chobani-15g-high-protein-greek-yoghurt-salted-caramel,
Mother Earth Fruit Sticks Spinach Banana Berry 152g,3.9,3.5,10.3,https://www.woolworths.co.nz/shop/product-details/577084/mother-earth-fruit-sticks-spinach-banana-berry,
Nescafe Coffee Sachets Caramel Latte 26 Pack,17.59,13.79,21.6,https://www.woolworths.co.nz/shop/product-details/549613/nescafe-coffee-sachets-caramel-latte,
Tegel Free Range Chicken Tenders Panko 750g,16,8,50.0,https://www.woolworths.co.nz/shop/product-details/307587/tegel-free-range-chicken-tenders-panko,
McCain Pub Style Wedges Beer Batter 750g,6,4.9,18.3,https://www.woolworths.co.nz/shop/product-details/249344/mccain-pub-style-wedges-beer-batter,
Coca-Cola Soft Drink Zero Sugar 6 Pack,8.99,6.5,27.7,https://www.woolworths.co.nz/shop/product-details/227118/coca-cola-soft-drink-zero-sugar,
Cheetos Corn Snacks Crunchy Cheese Party Bag 210g,5,4,20.0,https://www.woolworths.co.nz/shop/product-details/97389/cheetos-corn-snacks-crunchy-cheese-party-bag,
Real Foods Corn Thins Corn Cakes Tasty Cheese 125g,2.99,2.39,20.1,https://www.woolworths.co.nz/shop/product-details/747180/real-foods-corn-thins-corn-cakes-tasty-cheese,
Tegel Free Range Chicken Bites Super Tasty 750g,16,8,50.0,https://www.woolworths.co.nz/shop/product-details/307642/tegel-free-range-chicken-bites-super-tasty,
Woolworths Bread Sticks Italian Style 2 Pack,4.8,3,37.5,https://www.woolworths.co.nz/shop/product-details/286072/woolworths-bread-sticks-italian-style,SAVE $1.80
Mainland Buttersoft Butter Salted 375g,12.99,10.95,15.7,https://www.woolworths.co.nz/shop/product-details/642644/mainland-buttersoft-butter-salted,SAVE $2.04
Fancy Feast Classic Wet Cat Food Pate Chicken & Liver Feast 85g,1.85,1.35,27.0,https://www.woolworths.co.nz/shop/product-details/268532/fancy-feast-classic-wet-cat-food-pate-chicken-liver-feast,SAVE $0.50
V Sugarfree Energy Drink Blue 4 Pack,9.49,6.5,31.5,https://www.woolworths.co.nz/shop/product-details/174412/v-sugarfree-energy-drink-blue,
The Richmond Food Co Sausage Rolls Original 800g,10.99,9.8,10.8,https://www.woolworths.co.nz/shop/product-details/270218/the-richmond-food-co-sausage-rolls-original,SAVE $1.19
Meadow Fresh Sour Cream Lite 250g,4.69,3.99,14.9,https://www.woolworths.co.nz/shop/product-details/281632/meadow-fresh-sour-cream-lite,SAVE $0.70
Chobani 15G High Protein Greek Yoghurt Vanilla 160g,3.95,2.99,24.3,https://www.woolworths.co.nz/shop/product-details/388021/chobani-15g-high-protein-greek-yoghurt-vanilla,
Best Foods Mayonnaise Lite 435g,7.4,5.79,21.8,https://www.woolworths.co.nz/shop/product-details/308394/best-foods-mayonnaise-lite,SAVE $1.61
Meadow Fresh Kids Yoghurt Pouch Mango Peach Moana 70g,2.09,1.85,11.5,https://www.woolworths.co.nz/shop/product-details/217209/meadow-fresh-kids-yoghurt-pouch-mango-peach-moana,
Huggies Thick Baby Wipes Fragrance Free 240 Pack,15.69,10.99,30.0,https://www.woolworths.co.nz/shop/product-details/185390/huggies-thick-baby-wipes-fragrance-free,SAVE $4.70
SnackaChangi Chips Sour Cream Chives & Onion 150g,5.2,3.5,32.7,https://www.woolworths.co.nz/shop/product-details/138999/snackachangi-chips-sour-cream-chives-onion,
Diamond Rice Risotto Chicken 350g,5.59,5,10.6,https://www.woolworths.co.nz/shop/product-details/269576/diamond-rice-risotto-chicken,SAVE $0.59
Farmland Champagne Ham Shaved 200g,6.99,5.5,21.3,https://www.woolworths.co.nz/shop/product-details/182785/farmland-champagne-ham-shaved,SAVE $1.49
Indomie Mi Goreng Instant Noodles Fried Noodles Multi Pack 850g,10.69,9.19,14.0,https://www.woolworths.co.nz/shop/product-details/705083/indomie-mi-goreng-instant-noodles-fried-noodles-multi-pack,SAVE $1.50
Maggi 2-Minute Instant Noodles Beef 370g,4.24,3.39,20.0,https://www.woolworths.co.nz/shop/product-details/343896/maggi-2-minute-instant-noodles-beef,
McCain Frozen Peas 1kg,6,4.8,20.0,https://www.woolworths.co.nz/shop/product-details/96215/mccain-frozen-peas,
Chobani Greek Yoghurt Vanilla 907g,8.99,7.99,11.1,https://www.woolworths.co.nz/shop/product-details/205017/chobani-greek-yoghurt-vanilla,
Delmaine Gherkins Round Sliced 670g,4.39,3.8,13.4,https://www.woolworths.co.nz/shop/product-details/264806/delmaine-gherkins-round-sliced,SAVE $0.59
Arnott's Tim Tam Chocolate Biscuits Original 200g,5.39,3.99,26.0,https://www.woolworths.co.nz/shop/product-details/36066/arnott-s-tim-tam-chocolate-biscuits-original,
Raro Beverage Mix Sweet Navel Orange 3 Pack,2.39,2.09,12.6,https://www.woolworths.co.nz/shop/product-details/264580/raro-beverage-mix-sweet-navel-orange,
Arnott's Shapes Crackers Mini Chicken Crimpy 200g 8 Pack,4.99,4.49,10.0,https://www.woolworths.co.nz/shop/product-details/641535/arnott-s-shapes-crackers-mini-chicken-crimpy-200g,
Anchor Protein Plus Yoghurt Pouch Vanilla 165g,3.75,2.99,20.3,https://www.woolworths.co.nz/shop/product-details/6008330/anchor-protein-plus-yoghurt-pouch-vanilla,SAVE $0.76
Beehive Streaky Bacon 250g,9.19,7,23.8,https://www.woolworths.co.nz/shop/product-details/282200/beehive-streaky-bacon,SAVE $2.19
Up&Go Liquid Breakfast Choc Ice 6 Pack,11.99,10.49,12.5,https://www.woolworths.co.nz/shop/product-details/167863/up-go-liquid-breakfast-choc-ice,
"Birds Eye Deli Seasoned Fries Parmesan, Garlic & Basil 600g",6.3,4.39,30.3,https://www.woolworths.co.nz/shop/product-details/752330/birds-eye-deli-seasoned-fries-parmesan-garlic-basil,
Sunrice Thin Rice Cakes Salt And Balsamic Vinegar 160g,2.99,2.69,10.0,https://www.woolworths.co.nz/shop/product-details/266675/sunrice-thin-rice-cakes-salt-and-balsamic-vinegar,SAVE $0.30
Palmolive Dishwash Liquid Frangipani 500mL,4.19,2.89,31.0,https://www.woolworths.co.nz/shop/product-details/740055/palmolive-dishwash-liquid-frangipani,SAVE $1.30
Westgold Butter Salted 400g,8.89,7.69,13.5,https://www.woolworths.co.nz/shop/product-details/504592/westgold-butter-salted,SAVE $1.20
Friskies Dry Cat Food Meaty Grills 1.4kg,15.49,12,22.5,https://www.woolworths.co.nz/shop/product-details/6027890/friskies-dry-cat-food-meaty-grills,SAVE $3.49
Meadow Fresh Kids Yoghurt Pouch Blueberry The Little Mermaid 70g,2.09,1.85,11.5,https://www.woolworths.co.nz/shop/product-details/216909/meadow-fresh-kids-yoghurt-pouch-blueberry-the-little-mermaid,SAVE $0.24
San Remo La Pasta Pasta & Sauce Alfredo 80g,1.39,1.19,14.4,https://www.woolworths.co.nz/shop/product-details/200783/san-remo-la-pasta-pasta-sauce-alfredo,
Woolworths NZ Beef Burgers Classic 400g,10.5,9.4,10.5,https://www.woolworths.co.nz/shop/product-details/71204/woolworths-nz-beef-burgers-classic,
Much Moore Ice Cream Wonders Strawberry Yoghurt 2L,6.29,5.5,12.6,https://www.woolworths.co.nz/shop/product-details/171224/much-moore-ice-cream-wonders-strawberry-yoghurt,SAVE $0.79
Powerade Sports Drink Mountain Blast 750mL,4.49,3.49,22.3,https://www.woolworths.co.nz/shop/product-details/264513/powerade-sports-drink-mountain-blast,
Sorbent Thick & Large Toilet Paper 8pk Silky White,10.99,9.79,10.9,https://www.woolworths.co.nz/shop/product-details/61045/sorbent-thick-large-toilet-paper-8pk-silky-white,SAVE $1.20
Coca-Cola Soft Drink Vanilla 1.5L,4.99,3.5,29.9,https://www.woolworths.co.nz/shop/product-details/180911/coca-cola-soft-drink-vanilla,SAVE $1.49
Fab Laundry Powder Fresh Frangipani Front & Top 1kg,6,5,16.7,https://www.woolworths.co.nz/shop/product-details/880018/fab-laundry-powder-fresh-frangipani-front-top,SAVE $1.00
Goodness Me Really Fruity Fruit Mix Pack Sticks & Nuggets 120g,5.64,4.5,20.2,https://www.woolworths.co.nz/shop/product-details/115176/goodness-me-really-fruity-fruit-mix-pack-sticks-nuggets,SAVE $1.14
Leanne's Kitchen Dumplings Chicken & Veges 250g,4,2.99,25.2,https://www.woolworths.co.nz/shop/product-details/487318/leanne-s-kitchen-dumplings-chicken-veges,SAVE $1.01
Chobani Greek Yoghurt Strawberry 160g,3.15,2.65,15.9,https://www.woolworths.co.nz/shop/product-details/264659/chobani-greek-yoghurt-strawberry,
Wattie's Mixed Vegetables Kiwi Roast Mix 650g,5.99,4.8,19.9,https://www.woolworths.co.nz/shop/product-details/780652/wattie-s-mixed-vegetables-kiwi-roast-mix,SAVE $1.19
Tip Top Joy Bar Ice Cream Bar 6 Pack,10.49,7.5,28.5,https://www.woolworths.co.nz/shop/product-details/269714/tip-top-joy-bar-ice-cream-bar,SAVE $2.99
Raro Beverage Mix Bahama Breeze 3 Pack,2.39,2.09,12.6,https://www.woolworths.co.nz/shop/product-details/264552/raro-beverage-mix-bahama-breeze,
Nestle Chocolate Bar Pixie Caramel 50g,2.79,1.79,35.8,https://www.woolworths.co.nz/shop/product-details/266959/nestle-chocolate-bar-pixie-caramel,
Tegel Take Outs Chicken Sliders Free Range Louisiana Style 650g,16.49,8.24,50.0,https://www.woolworths.co.nz/shop/product-details/6002761/tegel-take-outs-chicken-sliders-free-range-louisiana-style,
Hi-Chew Sweets Original Chewy Fruit Candy 100g,3,2.4,20.0,https://www.woolworths.co.nz/shop/product-details/150873/hi-chew-sweets-original-chewy-fruit-candy,SAVE $0.60
The Natural Confectionery Co. Lollies Soft Fruit Salad 220g,4.39,3,31.7,https://www.woolworths.co.nz/shop/product-details/210601/the-natural-confectionery-co-lollies-soft-fruit-salad,SAVE $1.39
Doritos Corn Chips Sweet Thai Chilli 170g,3.9,2.5,35.9,https://www.woolworths.co.nz/shop/product-details/881986/doritos-corn-chips-sweet-thai-chilli,
Woolworths Instore Deli Cocktail Sausages 20 Pack,6.9,5.8,15.9,https://www.woolworths.co.nz/shop/product-details/351192/woolworths-instore-deli-cocktail-sausages,SAVE $1.10
Wattie's Burger Sauce Classic 500mL,10,7.9,21.0,https://www.woolworths.co.nz/shop/product-details/239611/wattie-s-burger-sauce-classic,SAVE $2.10
Bluebird Thin Cut Chips Salt & Vinegar 140g,3.09,2.2,28.8,https://www.woolworths.co.nz/shop/product-details/297602/bluebird-thin-cut-chips-salt-vinegar,
Philadelphia Cream Cheese 250g,5.99,5.3,11.5,https://www.woolworths.co.nz/shop/product-details/79223/philadelphia-cream-cheese,SAVE $0.69
Mexicano Corn Chips Jalapeno 300g,5.3,4,24.5,https://www.woolworths.co.nz/shop/product-details/704008/mexicano-corn-chips-jalapeno,
Sprite Lemonade Lemon Lime No Sugar 18 Pack,23.99,18.99,20.8,https://www.woolworths.co.nz/shop/product-details/660283/sprite-lemonade-lemon-lime-no-sugar,
Beehive Ham Shaved Honey Baked 2 x 100g,7.69,6.3,18.1,https://www.woolworths.co.nz/shop/product-details/776463/beehive-ham-shaved-honey-baked,SAVE $1.39
Craig's Fruit Jam Strawberry 375g,5.09,3.99,21.6,https://www.woolworths.co.nz/shop/product-details/269894/craig-s-fruit-jam-strawberry,SAVE $1.10
Woolworths Bread Rolls Savoury Pinwheels 4 pack,7,6.3,10.0,https://www.woolworths.co.nz/shop/product-details/360790/woolworths-bread-rolls-savoury-pinwheels,SAVE $0.70
Oscar Wet Cat Food Meat Menus 12x85g,14.2,9.89,30.4,https://www.woolworths.co.nz/shop/product-details/199483/oscar-wet-cat-food-meat-menus,SAVE $4.31
Mainland Grated Cheese Edam 400g,10,8.9,11.0,https://www.woolworths.co.nz/shop/product-details/489803/mainland-grated-cheese-edam,SAVE $1.10
Oscar Wet Cat Food Chicken Jelly 85g,,1.39,,https://www.woolworths.co.nz/shop/product-details/200836/oscar-wet-cat-food-chicken-jelly,10 for $11.00
High Mark Egg Noodles Round 280g,3.09,2.89,6.5,https://www.woolworths.co.nz/shop/product-details/269523/high-mark-egg-noodles-round,SAVE $0.20
Kellogg's cereal 320g,,7.99,,https://www.woolworths.co.nz/shop/product-details/6055360/kellogg-s-cereal-coco-pops,2 for $10.00
Anchor Cheese Slices Cheddar 250g,5.25,4.6,12.4,https://www.woolworths.co.nz/shop/product-details/683777/anchor-cheese-slices-cheddar,SAVE $0.65
Fancy Feast Classic Wet Cat Food Pate Savory Salmon Feast 85g,1.85,1.35,27.0,https://www.woolworths.co.nz/shop/product-details/268308/fancy-feast-classic-wet-cat-food-pate-savory-salmon-feast,SAVE $0.50
So Good Soy Milk Vanilla Bliss Uht 1L,3.99,3.39,15.0,https://www.woolworths.co.nz/shop/product-details/5535/so-good-soy-milk-vanilla-bliss-uht,
Jed's Coffee Co. Instant Coffee 3 Strong Refill,10.79,7.49,30.6,https://www.woolworths.co.nz/shop/product-details/445855/jed-s-coffee-co-instant-coffee-3-strong-refill,SAVE $3.30
Meadow Fresh Calci Strong Flavoured Milk Chocolate 2L,7.25,5.99,17.4,https://www.woolworths.co.nz/shop/product-details/792941/meadow-fresh-calci-strong-flavoured-milk-chocolate,
Nanna's Frozen Fruit Pie Blackberry & Apple 4 Pack,8.79,4.99,43.2,https://www.woolworths.co.nz/shop/product-details/37552/nanna-s-frozen-fruit-pie-blackberry-apple,
Monster Energy Energy Drink Mango Loco 500mL,3.99,2.99,25.1,https://www.woolworths.co.nz/shop/product-details/698612/monster-energy-energy-drink-mango-loco,SAVE $1.00
SnackaChangi Chips BBQ 150g,5.2,3.5,32.7,https://www.woolworths.co.nz/shop/product-details/96329/snackachangi-chips-bbq,SAVE $1.70
Sparkling Duet Soft Drink Orange Lemon 6 Pack,6.89,5,27.4,https://www.woolworths.co.nz/shop/product-details/659483/sparkling-duet-soft-drink-orange-lemon,
Mother Earth Oaty Slices Oat Bars Raspberry & White Choc 240g,4.89,3.89,20.4,https://www.woolworths.co.nz/shop/product-details/334842/mother-earth-oaty-slices-oat-bars-raspberry-white-choc,SAVE $1.00
Kleenex Tissues Eucalyptus 140 Pack,4.49,3.49,22.3,https://www.woolworths.co.nz/shop/product-details/1475/kleenex-tissues-eucalyptus,SAVE $1.00
Obela Dip Classic Tzatziki Gluten Free 220g,5.99,4.99,16.7,https://www.woolworths.co.nz/shop/product-details/923883/obela-dip-classic-tzatziki-gluten-free,
Wattie's Frozen Stir Fry International Mixed Vegetables 750g,5.99,4.8,19.9,https://www.woolworths.co.nz/shop/product-details/272815/wattie-s-frozen-stir-fry-international-mixed-vegetables,SAVE $1.19
Arnott's Jatz Crackers Original 225g,3.49,3,14.0,https://www.woolworths.co.nz/shop/product-details/384250/arnott-s-jatz-crackers-original,
Nice & Natural Fruit Snacks Sour Fruit Blocks 120g,4.89,4.2,14.1,https://www.woolworths.co.nz/shop/product-details/6055420/nice-natural-fruit-snacks-sour-fruit-blocks,SAVE $0.69
Arnott's Cruskits Crispbread Low Fat 125g,4,3.5,12.5,https://www.woolworths.co.nz/shop/product-details/197462/arnott-s-cruskits-crispbread-low-fat,
Abe's Bagels The Natural 4 Pack,5.29,4.7,11.2,https://www.woolworths.co.nz/shop/product-details/270580/abe-s-bagels-the-natural,
The Natural Confectionery Co. Lollies Gummy Bears 180g,4.39,3,31.7,https://www.woolworths.co.nz/shop/product-details/6031443/the-natural-confectionery-co-lollies-gummy-bears,SAVE $1.39
Cadbury Chocolate Dairy Milk Roast Almond 180g,7,3.49,50.1,https://www.woolworths.co.nz/shop/product-details/814621/cadbury-chocolate-dairy-milk-roast-almond,SAVE $3.51
Tip Top Choc Bar Ice Cream On Stick Mini 10 Pack,10.99,9,18.1,https://www.woolworths.co.nz/shop/product-details/315121/tip-top-choc-bar-ice-cream-on-stick-mini,SAVE $1.99
Cadbury Drinking Chocolate 250g,5.9,5,15.3,https://www.woolworths.co.nz/shop/product-details/151898/cadbury-drinking-chocolate,SAVE $0.90
Keri Fruit Drink Tropical 2.4L,5.99,4.79,20.0,https://www.woolworths.co.nz/shop/product-details/6022245/keri-fruit-drink-tropical,
Powerade Zero Sports Drink Mountain Blast 750mL,4.49,3.49,22.3,https://www.woolworths.co.nz/shop/product-details/742218/powerade-zero-sports-drink-mountain-blast,
Wattie's Flavoured Tomatoes Mexican Style 400g,2.79,2.1,24.7,https://www.woolworths.co.nz/shop/product-details/270752/wattie-s-flavoured-tomatoes-mexican-style,
Bell Black Tea Bags Original 100 pack,7.29,5.79,20.6,https://www.woolworths.co.nz/shop/product-details/267366/bell-black-tea-bags-original,SAVE $1.50
Shore Mariner Spring Rolls 750g,7,6.3,10.0,https://www.woolworths.co.nz/shop/product-details/402332/shore-mariner-spring-rolls,SAVE $0.70
Leaning Tower Pizza BBQ Chicken 400g,3.79,2.95,22.2,https://www.woolworths.co.nz/shop/product-details/279114/leaning-tower-pizza-bbq-chicken,SAVE $0.84
Meadow Fresh Calci Strong Dairy Food Chocobomb 100g,2.65,1.85,30.2,https://www.woolworths.co.nz/shop/product-details/240467/meadow-fresh-calci-strong-dairy-food-chocobomb,
Celsius Energy Drink Sparkling Mango Lemonade 330mL,4.49,3,33.2,https://www.woolworths.co.nz/shop/product-details/6035506/celsius-energy-drink-sparkling-mango-lemonade,SAVE $1.49
Griffin's Krispies Plain Biscuits Coconut 2 x 250g Packs,6.89,5.99,13.1,https://www.woolworths.co.nz/shop/product-details/705359/griffin-s-krispies-plain-biscuits-coconut,
Hellers Salami Sliced Pepperoni 100g,4.29,3.85,10.3,https://www.woolworths.co.nz/shop/product-details/964987/hellers-salami-sliced-pepperoni,SAVE $0.44
Glow Lab Body Wash Vanilla Bean & Coconut 900mL,19.39,10.99,43.3,https://www.woolworths.co.nz/shop/product-details/288177/glow-lab-body-wash-vanilla-bean-coconut,SAVE $8.40
Keri Fruit Drink Apple & Blackcurrant 2.4L,5.99,4.79,20.0,https://www.woolworths.co.nz/shop/product-details/919094/keri-fruit-drink-apple-blackcurrant,
Lotus Biscoff Biscuit 250g,4.6,4,13.0,https://www.woolworths.co.nz/shop/product-details/670121/lotus-biscoff-biscuit,SAVE $0.60
Pepsi Max Soft Drink No Sugar 24 Pack,25.99,18.99,26.9,https://www.woolworths.co.nz/shop/product-details/390874/pepsi-max-soft-drink-no-sugar,SAVE $7.00
Raro Beverage Mix Passion Orange 3 Pack,2.39,2.09,12.6,https://www.woolworths.co.nz/shop/product-details/264578/raro-beverage-mix-passion-orange,
Act II Microwave Popcorn Butter Lovers 85g,2,1.59,20.5,https://www.woolworths.co.nz/shop/product-details/730148/act-ii-microwave-popcorn-butter-lovers,SAVE $0.41
Leggo's Tomato Paste Concentrate Sachets 200g,4.1,3.69,10.0,https://www.woolworths.co.nz/shop/product-details/115012/leggo-s-tomato-paste-concentrate-sachets,
Dolmio Pasta Sauce Thick Tomato Lasagne 505g,5.3,3.99,24.7,https://www.woolworths.co.nz/shop/product-details/758412/dolmio-pasta-sauce-thick-tomato-lasagne,
Abe's Bagels The Everything 4 Pack,5.29,4.7,11.2,https://www.woolworths.co.nz/shop/product-details/673117/abe-s-bagels-the-everything,
Meadowlea Spread Original 500g,5.49,4.2,23.5,https://www.woolworths.co.nz/shop/product-details/281699/meadowlea-spread-original,SAVE $1.29
Possyum Dog Rolls Superior 750g,8.99,7.9,12.1,https://www.woolworths.co.nz/shop/product-details/155991/possyum-dog-rolls-superior,SAVE $1.09
Tasti Oat Bars Choc Chip 150g,4.29,2.79,35.0,https://www.woolworths.co.nz/shop/product-details/271879/tasti-oat-bars-choc-chip,SAVE $1.50
Palmolive Dishwash Liquid Dry Skin With Aloe 500mL,4.19,2.89,31.0,https://www.woolworths.co.nz/shop/product-details/141304/palmolive-dishwash-liquid-dry-skin-with-aloe,SAVE $1.30
Tegel Take Outs Chicken Nuggets Free Range Louisiana Style 750g,16.49,8.24,50.0,https://www.woolworths.co.nz/shop/product-details/966467/tegel-take-outs-chicken-nuggets-free-range-louisiana-style,
Silver Fern Farms Beef Flat-Iron Steaks 220g,16.95,15.2,10.3,https://www.woolworths.co.nz/shop/product-details/963001/silver-fern-farms-beef-flat-iron-steaks,SAVE $1.75
Leanne's Kitchen Dumplings Vegetarian 250g,4,2.99,25.2,https://www.woolworths.co.nz/shop/product-details/490712/leanne-s-kitchen-dumplings-vegetarian,SAVE $1.01
Milo Drinking Chocolate 200g,5.99,5,16.5,https://www.woolworths.co.nz/shop/product-details/274341/milo-drinking-chocolate,SAVE $0.99
Kleenex Tissues White 250 Pack,4.49,3.5,22.0,https://www.woolworths.co.nz/shop/product-details/193613/kleenex-tissues-white,SAVE $0.99
Verkerks Salami Nibbles Protein Snack Pack 90g,5.49,4.2,23.5,https://www.woolworths.co.nz/shop/product-details/717069/verkerks-salami-nibbles-protein-snack-pack,SAVE $1.29
Palmolive Dishwash Liquid Lemon Lime 500mL,4.19,2.89,31.0,https://www.woolworths.co.nz/shop/product-details/273033/palmolive-dishwash-liquid-lemon-lime,SAVE $1.30
Fancy Feast Gravy Lovers Wet Cat Food Beef Feast 85g,1.85,1.35,27.0,https://www.woolworths.co.nz/shop/product-details/360616/fancy-feast-gravy-lovers-wet-cat-food-beef-feast,SAVE $0.50
Griffin's Cameo Cremes Creme Filled Original 250g,3.99,3,24.8,https://www.woolworths.co.nz/shop/product-details/271161/griffin-s-cameo-cremes-creme-filled-original,
Fancy Feast Classic Wet Cat Food Pate Beef & Chicken Feast 85g,1.85,1.35,27.0,https://www.woolworths.co.nz/shop/product-details/22024/fancy-feast-classic-wet-cat-food-pate-beef-chicken-feast,SAVE $0.50
Silver Fern Farms Lamb Steaks 220g,16.95,15.2,10.3,https://www.woolworths.co.nz/shop/product-details/757128/silver-fern-farms-lamb-steaks,SAVE $1.75
Treasures Dry & Snug Nappy Pants Junior 16kg+ 28 Pack,20,16,20.0,https://www.woolworths.co.nz/shop/product-details/162682/treasures-dry-snug-nappy-pants-junior-16kg,SAVE $4.00
Primo Chorizo 200g,6.59,5.8,12.0,https://www.woolworths.co.nz/shop/product-details/779107/primo-chorizo,SAVE $0.79
Bluebird chips 140g,4.19,2.2,47.5,https://www.woolworths.co.nz/shop/product-details/6058506/bluebird-chips-bacon,
Kiwi Crush Frozen Fruit Drink Kiwifruit Concentrate Singles 350mL,6.8,6,11.8,https://www.woolworths.co.nz/shop/product-details/272776/kiwi-crush-frozen-fruit-drink-kiwifruit-concentrate-singles,SAVE $0.80
Arataki Clover Honey 250g,5.59,4.69,16.1,https://www.woolworths.co.nz/shop/product-details/269747/arataki-clover-honey,SAVE $0.90
Mainland Parmesan Cheese 200g,9.5,8.5,10.5,https://www.woolworths.co.nz/shop/product-details/295890/mainland-parmesan-cheese,SAVE $1.00
Griffin's Muesli Bars Hundreds & Thousands 180g,4.29,3.49,18.6,https://www.woolworths.co.nz/shop/product-details/730791/griffin-s-muesli-bars-hundreds-thousands,
Golden Sun Peppers Sliced Jalapeno Gluten Free 360g,3.6,3.2,11.1,https://www.woolworths.co.nz/shop/product-details/264733/golden-sun-peppers-sliced-jalapeno-gluten-free,SAVE $0.40
Sealord Tuna Olive Oil Blend 95g,2.8,1.69,39.6,https://www.woolworths.co.nz/shop/product-details/6024104/sealord-tuna-olive-oil-blend,SAVE $1.11
Nescafe Original Instant Coffee 180g,13.99,11.5,17.8,https://www.woolworths.co.nz/shop/product-details/539948/nescafe-original-instant-coffee,SAVE $2.49
Fancy Feast Wet Cat Food Chunky Chicken Feast 85g,1.85,1.35,27.0,https://www.woolworths.co.nz/shop/product-details/268715/fancy-feast-wet-cat-food-chunky-chicken-feast,SAVE $0.50
Diamond Pasta Bow Ties 500g,2.99,2.49,16.7,https://www.woolworths.co.nz/shop/product-details/6016648/diamond-pasta-bow-ties,SAVE $0.50
Fancy Feast Grilled Wet Cat Food Salmon Feast Gravy 85g,1.85,1.35,27.0,https://www.woolworths.co.nz/shop/product-details/268269/fancy-feast-grilled-wet-cat-food-salmon-feast-gravy,SAVE $0.50
Pascall Marshmallows Pink & White 520g,6.5,5.8,10.8,https://www.woolworths.co.nz/shop/product-details/828998/pascall-marshmallows-pink-white,SAVE $0.70
Arnott's Tim Tam Chocolate Biscuits Double Coat 200g,5.39,3.99,26.0,https://www.woolworths.co.nz/shop/product-details/32257/arnott-s-tim-tam-chocolate-biscuits-double-coat,
Cadbury Chocolate Dairy Milk Turkish Delight 180g,7,3.49,50.1,https://www.woolworths.co.nz/shop/product-details/814833/cadbury-chocolate-dairy-milk-turkish-delight,SAVE $3.51
Tegel Take Outs Chicken Tenders Free Range Nashville Style 500g,16.49,8.24,50.0,https://www.woolworths.co.nz/shop/product-details/119226/tegel-take-outs-chicken-tenders-free-range-nashville-style,
KitKat Kit Kat Chocolate Bar Milk 42g,2.79,1.79,35.8,https://www.woolworths.co.nz/shop/product-details/6115/kitkat-kit-kat-chocolate-bar-milk,
Keri Premium Fruit Juice Pineapple 2.4L,5.99,5,16.5,https://www.woolworths.co.nz/shop/product-details/293207/keri-premium-fruit-juice-pineapple,
Hellers Sausages NZ Lamb & Thyme 6 Pack,13,11.6,10.8,https://www.woolworths.co.nz/shop/product-details/784406/hellers-sausages-nz-lamb-thyme,SAVE $1.40
Orchard Gold Frozen Blueberries Supreme 500g,8.3,7.4,10.8,https://www.woolworths.co.nz/shop/product-details/316974/orchard-gold-frozen-blueberries-supreme,SAVE $0.90
De Winkel Natural Yoghurt Carton Plain Unsweetened 1kg,7.49,6.25,16.6,https://www.woolworths.co.nz/shop/product-details/740797/de-winkel-natural-yoghurt-carton-plain-unsweetened,
Diamond Pasta Spirals 500g,2.99,2.49,16.7,https://www.woolworths.co.nz/shop/product-details/727848/diamond-pasta-spirals,SAVE $0.50
Leaning Tower Pizza Hawaiian 400g,3.79,2.95,22.2,https://www.woolworths.co.nz/shop/product-details/279218/leaning-tower-pizza-hawaiian,SAVE $0.84
Wattie's Frozen Baby Peas & Sweet Corn 750g,5.99,4.8,19.9,https://www.woolworths.co.nz/shop/product-details/272804/wattie-s-frozen-baby-peas-sweet-corn,
Moccona Coffee Sachets Caramel Latte 137g,8.39,4.19,50.1,https://www.woolworths.co.nz/shop/product-details/175028/moccona-coffee-sachets-caramel-latte,SAVE $4.20
Tonzu Tofu Firm 300g,6.09,5.4,11.3,https://www.woolworths.co.nz/shop/product-details/815342/tonzu-tofu-firm,SAVE $0.69
Libra Ultra Thin Pads Regular With Wings 14 Pack,5.99,4.59,23.4,https://www.woolworths.co.nz/shop/product-details/22033/libra-ultra-thin-pads-regular-with-wings,SAVE $1.40
Sealord Sensations Tuna Sweet Thai Chilli 95g,2.8,1.69,39.6,https://www.woolworths.co.nz/shop/product-details/200970/sealord-sensations-tuna-sweet-thai-chilli,
Purina One Healthy Adult Wet Cat Food Chicken In Gravy 70g,1.89,1.35,28.6,https://www.woolworths.co.nz/shop/product-details/21225/purina-one-healthy-adult-wet-cat-food-chicken-in-gravy,SAVE $0.54
Herbert Adams Frozen Pies Beef & Onion 400g,10.49,8.99,14.3,https://www.woolworths.co.nz/shop/product-details/680602/herbert-adams-frozen-pies-beef-onion,
Delisio Chips Sea Salt 140g,3.35,2.49,25.7,https://www.woolworths.co.nz/shop/product-details/198682/delisio-chips-sea-salt,
Arnott's Farmbake Cookies Triple Choc 310g,4.39,3.8,13.4,https://www.woolworths.co.nz/shop/product-details/143672/arnott-s-farmbake-cookies-triple-choc,
Wattie's Frozen Stir Fry Chinese Mixed Vegetables 750g,5.99,4.8,19.9,https://www.woolworths.co.nz/shop/product-details/272813/wattie-s-frozen-stir-fry-chinese-mixed-vegetables,
Fresh'n Fruity Yoghurt 6pk Mixed Berry 750g,6.69,5.75,14.1,https://www.woolworths.co.nz/shop/product-details/114602/fresh-n-fruity-yoghurt-6pk-mixed-berry,
Aunt Betty's Steamed Pudding Chocolate 190g 2 Pack,5.3,2.79,47.4,https://www.woolworths.co.nz/shop/product-details/726143/aunt-betty-s-steamed-pudding-chocolate-190g,SAVE $2.51
KitKat Kit Kat Milk Chocolate Bars Fun Size Share Pack 154g,7.49,5.5,26.6,https://www.woolworths.co.nz/shop/product-details/348593/kitkat-kit-kat-milk-chocolate-bars-fun-size-share-pack,
Vegemite Yeast Spread 380g,9.3,8.3,10.8,https://www.woolworths.co.nz/shop/product-details/796439/vegemite-yeast-spread,SAVE $1.00
Alpine Cheese Colby 1kg,16.79,14.9,11.3,https://www.woolworths.co.nz/shop/product-details/281636/alpine-cheese-colby,SAVE $1.89
Alpine Cheese Edam 1kg,16.79,14.9,11.3,https://www.woolworths.co.nz/shop/product-details/281634/alpine-cheese-edam,SAVE $1.89
Johnson's Body Wash Dreamy Skin 1L,11.29,7.49,33.7,https://www.woolworths.co.nz/shop/product-details/725020/johnson-s-body-wash-dreamy-skin,SAVE $3.80
Mexicano Corn Chips Natural 300g,5.3,4,24.5,https://www.woolworths.co.nz/shop/product-details/704052/mexicano-corn-chips-natural,
Yoplait Yoghurt Tub Mixed Berries 1kg,7.25,5.5,24.1,https://www.woolworths.co.nz/shop/product-details/669789/yoplait-yoghurt-tub-mixed-berries,
Silver Fern Farms Lamb Medallions 400g,21.95,19.7,10.3,https://www.woolworths.co.nz/shop/product-details/717633/silver-fern-farms-lamb-medallions,SAVE $2.25
Sealord Fish Fillets Hoki Pub Style 425g,9.5,8.5,10.5,https://www.woolworths.co.nz/shop/product-details/6024443/sealord-fish-fillets-hoki-pub-style,
Tip Top Ice Cream Vanilla 2L,9,7.5,16.7,https://www.woolworths.co.nz/shop/product-details/269506/tip-top-ice-cream-vanilla,SAVE $1.50
Friends Nappy Bags Odourised 50 Pack,2.99,2.3,23.1,https://www.woolworths.co.nz/shop/product-details/263681/friends-nappy-bags-odourised,SAVE $0.69
McCain Super Fries Straight Cut 900g,5.2,4.2,19.2,https://www.woolworths.co.nz/shop/product-details/662933/mccain-super-fries-straight-cut,
Woolworths Bread Loaf Mini White Sourdough,4,3.6,10.0,https://www.woolworths.co.nz/shop/product-details/387319/woolworths-bread-loaf-mini-white-sourdough,
Tasti Oat Bars Raspberry & White Choc Squares 150g,4.29,2.79,35.0,https://www.woolworths.co.nz/shop/product-details/272925/tasti-oat-bars-raspberry-white-choc-squares,SAVE $1.50
Cinderella Raisins 140g 10 Pack,3.99,3.59,10.0,https://www.woolworths.co.nz/shop/product-details/866154/cinderella-raisins-140g,
Nescafe Gold Intense Instant Coffee 90g,13,10.29,20.8,https://www.woolworths.co.nz/shop/product-details/689453/nescafe-gold-intense-instant-coffee,SAVE $2.71
KitKat Kit Kat Chocolate Bar Chunky Gooey Caramel 48g,2.79,1.79,35.8,https://www.woolworths.co.nz/shop/product-details/385175/kitkat-kit-kat-chocolate-bar-chunky-gooey-caramel,
Fancy Feast Grilled Wet Cat Food Salmon & Shrimp 85g,1.85,1.35,27.0,https://www.woolworths.co.nz/shop/product-details/327263/fancy-feast-grilled-wet-cat-food-salmon-shrimp,SAVE $0.50
Sunrice Thin Rice Cakes Sundried Tomato & Basil 160g,2.99,2.69,10.0,https://www.woolworths.co.nz/shop/product-details/300880/sunrice-thin-rice-cakes-sundried-tomato-basil,SAVE $0.30
Keri Premium Fruit Drink Cranberry 2.4L,5.99,5,16.5,https://www.woolworths.co.nz/shop/product-details/293208/keri-premium-fruit-drink-cranberry,
Celsius energy drink 330ml,4.49,3,33.2,https://www.woolworths.co.nz/shop/product-details/6055747/celsius-live-fit-energy-drink-sparkling-raspberry-peach,SAVE $1.49
Cadbury Chocolate Block Velvet Milk 150g,7,3.49,50.1,https://www.woolworths.co.nz/shop/product-details/907393/cadbury-chocolate-block-velvet-milk,
Sealord Fish Fillets Hoki Lemon Pepper 425g,9.5,8.5,10.5,https://www.woolworths.co.nz/shop/product-details/6024292/sealord-fish-fillets-hoki-lemon-pepper,
Bundaberg Ginger Beer Minis 6 x 200mL,7.79,7,10.1,https://www.woolworths.co.nz/shop/product-details/53114/bundaberg-ginger-beer-minis,SAVE $0.79
Fancy Feast Classic Wet Cat Food Pate Chicken Feast 85g,1.85,1.35,27.0,https://www.woolworths.co.nz/shop/product-details/268524/fancy-feast-classic-wet-cat-food-pate-chicken-feast,SAVE $0.50
V Sugar Free Energy Drink Refresh Pineapple Watermelon 4x250mL,9.49,6.5,31.5,https://www.woolworths.co.nz/shop/product-details/227590/v-sugar-free-energy-drink-refresh-pineapple-watermelon,SAVE $2.99
Oob Organic Frozen Blueberries 450g,9.99,9,9.9,https://www.woolworths.co.nz/shop/product-details/931859/oob-organic-frozen-blueberries,
Diamond Pasta Boccoli 500g,2.99,2.49,16.7,https://www.woolworths.co.nz/shop/product-details/727845/diamond-pasta-boccoli,SAVE $0.50
So Good Almond Milk Original 1L,4.49,3.39,24.5,https://www.woolworths.co.nz/shop/product-details/710014/so-good-almond-milk-original,
Rebel Bakehouse Wraps High Protein Low Sugar,5.99,5.3,11.5,https://www.woolworths.co.nz/shop/product-details/6061579/rebel-bakehouse-wraps-high-protein-low-sugar,
High Mark Soy Sauce Dark 550mL,4.1,3.49,14.9,https://www.woolworths.co.nz/shop/product-details/270432/high-mark-soy-sauce-dark,SAVE $0.61
Tasti Protein Bars Salted Caramel 200g,6.29,5,20.5,https://www.woolworths.co.nz/shop/product-details/785587/tasti-protein-bars-salted-caramel,SAVE $1.29
Nanna's Frozen Fruit Pie Traditional Apple 600g,8.79,4.99,43.2,https://www.woolworths.co.nz/shop/product-details/96610/nanna-s-frozen-fruit-pie-traditional-apple,
Coca-Cola Soft Drink Zero Sugar Zero Caffeine 6 Pack,8.99,6.5,27.7,https://www.woolworths.co.nz/shop/product-details/253963/coca-cola-soft-drink-zero-sugar-zero-caffeine,
Purina One Healthy Adult Dry Cat Food Chicken 1.5kg,27.8,21.99,20.9,https://www.woolworths.co.nz/shop/product-details/199622/purina-one-healthy-adult-dry-cat-food-chicken,SAVE $5.81
V Sugar Free Energy Drink 500mL,4.49,2.5,44.3,https://www.woolworths.co.nz/shop/product-details/707980/v-sugar-free-energy-drink,
Much Moore frozen dessert 2l,6.29,5.5,12.6,https://www.woolworths.co.nz/shop/product-details/6062435/much-moore-wonders-frozen-dessert-french-vanilla,SAVE $0.79
Woolworths Bread Sticks Tiger 2 Pack,4.8,3,37.5,https://www.woolworths.co.nz/shop/product-details/759073/woolworths-bread-sticks-tiger,SAVE $1.80
Yoplait Yoghurt Tub Peach & Mango 1kg,7.25,5.5,24.1,https://www.woolworths.co.nz/shop/product-details/669799/yoplait-yoghurt-tub-peach-mango,
Wattie's Curry Sauce Creamy Butter Chicken 405g,3.99,3.09,22.6,https://www.woolworths.co.nz/shop/product-details/348060/wattie-s-curry-sauce-creamy-butter-chicken,
Kellogg's Cereal Cocopops Chex 500g,11.9,5.99,49.7,https://www.woolworths.co.nz/shop/product-details/701726/kellogg-s-cereal-cocopops-chex,
Queen Natural Vanilla Extract 100ml,7.5,6.7,10.7,https://www.woolworths.co.nz/shop/product-details/6079780/queen-natural-vanilla-extract,SAVE $0.80
Mingle Mexican Taco Fiesta Spice Blend 30g,3,2.5,16.7,https://www.woolworths.co.nz/shop/product-details/68721/mingle-mexican-taco-fiesta-spice-blend,SAVE $0.50
NZ Natural Sparkling Water Raspberry & Lemon 1L,2.49,2,19.7,https://www.woolworths.co.nz/shop/product-details/792105/nz-natural-sparkling-water-raspberry-lemon,
Kettle Chip Company Chips Sea Salt & Vinegar 150g,5,2.99,40.2,https://www.woolworths.co.nz/shop/product-details/679778/kettle-chip-company-chips-sea-salt-vinegar,SAVE $2.01
Marcel's Pancakes Plain 6 Pack,4.8,3.8,20.8,https://www.woolworths.co.nz/shop/product-details/351639/marcel-s-pancakes-plain,SAVE $1.00
Fancy Feast Grilled Wet Cat Food Chicken Feast In Gravy 85g,1.85,1.35,27.0,https://www.woolworths.co.nz/shop/product-details/179506/fancy-feast-grilled-wet-cat-food-chicken-feast-in-gravy,SAVE $0.50
Dolmio Pasta Bake Pasta Sauce Creamy Tomato & Mozzarella 495g,5.3,3.99,24.7,https://www.woolworths.co.nz/shop/product-details/758425/dolmio-pasta-bake-pasta-sauce-creamy-tomato-mozzarella,
Meadow Fresh Milk Standard Uht 1L,4.29,2.99,30.3,https://www.woolworths.co.nz/shop/product-details/269758/meadow-fresh-milk-standard-uht,SAVE $1.30
The Natural Confectionery Co. Lollies Dinosaurs 220g,4.39,3,31.7,https://www.woolworths.co.nz/shop/product-details/232517/the-natural-confectionery-co-lollies-dinosaurs,
Nutella Hazelnut Spread 400g,9.15,7.59,17.0,https://www.woolworths.co.nz/shop/product-details/147312/nutella-hazelnut-spread,SAVE $1.56
Griffin's Meal Mates Crackers Vegetable 230g,4.29,3,30.1,https://www.woolworths.co.nz/shop/product-details/312714/griffin-s-meal-mates-crackers-vegetable,
Milkybar White Chocolate Bars Fun Size Share Pack 140g,7.49,5.5,26.6,https://www.woolworths.co.nz/shop/product-details/306622/milkybar-white-chocolate-bars-fun-size-share-pack,
Wattie's Pasta Sauce Original 420g,4.2,2.9,31.0,https://www.woolworths.co.nz/shop/product-details/279288/wattie-s-pasta-sauce-original,SAVE $1.30
Olivani Olive Oil Pure 500mL,14.5,10.99,24.2,https://www.woolworths.co.nz/shop/product-details/700489/olivani-olive-oil-pure,SAVE $3.51
Better Eggs S.P.C.A Eggs Free Range Size 8 10 Pack,10.45,8.35,20.1,https://www.woolworths.co.nz/shop/product-details/277882/better-eggs-s-p-c-a-eggs-free-range-size-8,SAVE $2.10
Edmonds High Grade Flour 1.5kg,3.79,3,20.8,https://www.woolworths.co.nz/shop/product-details/159982/edmonds-high-grade-flour,SAVE $0.79
SnackaChangi Chips Prawn Cocktail 150g,5.2,3.5,32.7,https://www.woolworths.co.nz/shop/product-details/6033955/snackachangi-chips-prawn-cocktail,
Whittaker's Chocolate Bar Creamy Milk Slab 50g,2.69,1.99,26.0,https://www.woolworths.co.nz/shop/product-details/730522/whittaker-s-chocolate-bar-creamy-milk-slab,SAVE $0.70
Just Juice Bubbles Soft Drink Tropical With Lemonade 1.25L,4.79,3.5,26.9,https://www.woolworths.co.nz/shop/product-details/271650/just-juice-bubbles-soft-drink-tropical-with-lemonade,SAVE $1.29
Cadbury Baking Chocolate Chips Dark 200g,6.5,5.5,15.4,https://www.woolworths.co.nz/shop/product-details/828994/cadbury-baking-chocolate-chips-dark,SAVE $1.00
Just Juice Fruit Juice Apple 1L,3.99,3,24.8,https://www.woolworths.co.nz/shop/product-details/763323/just-juice-fruit-juice-apple,SAVE $0.99
Anchor Protein+ Flavoured Milk Strawberries & Cream Shake 375mL,5.49,4.95,9.8,https://www.woolworths.co.nz/shop/product-details/6079567/anchor-protein-flavoured-milk-strawberries-cream-shake,SAVE $0.54
Anchor Cheese Slices Edam 250g,5.25,4.6,12.4,https://www.woolworths.co.nz/shop/product-details/683775/anchor-cheese-slices-edam,SAVE $0.65
Much Moore Wonders Frozen Dessert After Dinner Mint 2L,6.29,5.5,12.6,https://www.woolworths.co.nz/shop/product-details/925740/much-moore-wonders-frozen-dessert-after-dinner-mint,SAVE $0.79
Jed's Coffee Co. Instant Coffee 4 Very Strong Refill,10.79,7.49,30.6,https://www.woolworths.co.nz/shop/product-details/445856/jed-s-coffee-co-instant-coffee-4-very-strong-refill,SAVE $3.30
Babybel Cheese Snack Mini 100g,7.79,7,10.1,https://www.woolworths.co.nz/shop/product-details/295443/babybel-cheese-snack-mini,
Dove Body Wash Triple Hydrate 1L,19.99,15.99,20.0,https://www.woolworths.co.nz/shop/product-details/380810/dove-body-wash-triple-hydrate,SAVE $4.00
Anchor Protein+ Flavoured Milk Iced Coffee Shake 375mL,5.49,4.95,9.8,https://www.woolworths.co.nz/shop/product-details/6029057/anchor-protein-flavoured-milk-iced-coffee-shake,
Purina One Coat & Hairball Wet Cat Food Chicken In Gravy 70g,1.89,1.35,28.6,https://www.woolworths.co.nz/shop/product-details/21192/purina-one-coat-hairball-wet-cat-food-chicken-in-gravy,SAVE $0.54
Just Juice Fruit Juice Orange & Apple 1L,3.99,3,24.8,https://www.woolworths.co.nz/shop/product-details/651989/just-juice-fruit-juice-orange-apple,SAVE $0.99
Farrah's Spice Mix Nacho 40g,3,2.49,17.0,https://www.woolworths.co.nz/shop/product-details/526020/farrah-s-spice-mix-nacho,SAVE $0.51
Chobani 15G High Protein Greek Yoghurt Cookies & Cream 160g,3.95,2.99,24.3,https://www.woolworths.co.nz/shop/product-details/918707/chobani-15g-high-protein-greek-yoghurt-cookies-cream,
Magnum Mini Ice Cream On Stick Almond 6 x 60mL,11.79,8.8,25.4,https://www.woolworths.co.nz/shop/product-details/153673/magnum-mini-ice-cream-on-stick-almond,
Skittles Giants Filled 125g,6,2.99,50.2,https://www.woolworths.co.nz/shop/product-details/6064911/skittles-giants-filled,SAVE $3.01
Mexicano Corn Chips Tasty Salsa 300g,5.3,4,24.5,https://www.woolworths.co.nz/shop/product-details/6033528/mexicano-corn-chips-tasty-salsa,SAVE $1.30
Sour Patch Kids Lollies 190g,4.39,2.49,43.3,https://www.woolworths.co.nz/shop/product-details/234699/sour-patch-kids-lollies,SAVE $1.90
Pepsi Max Soft Drink 6 Pack,7.49,6.5,13.2,https://www.woolworths.co.nz/shop/product-details/901878/pepsi-max-soft-drink,
Fanta Soft Drink Orange 1.5L,4.99,3.5,29.9,https://www.woolworths.co.nz/shop/product-details/271725/fanta-soft-drink-orange,
Only Organic Kindy Kids Meal Strawberry Goji Smoothie 100g,2.49,2,19.7,https://www.woolworths.co.nz/shop/product-details/626192/only-organic-kindy-kids-meal-strawberry-goji-smoothie,SAVE $0.49
Nice & Natural Fruit Snacks Watches 136g,4.89,4.2,14.1,https://www.woolworths.co.nz/shop/product-details/774222/nice-natural-fruit-snacks-watches,SAVE $0.69
Delmaine Gherkins Long Sliced 480g,4.39,3.8,13.4,https://www.woolworths.co.nz/shop/product-details/264805/delmaine-gherkins-long-sliced,SAVE $0.59
Monster Energy Original Energy Drink Zero Sugar 500mL,3.99,2.99,25.1,https://www.woolworths.co.nz/shop/product-details/901846/monster-energy-original-energy-drink-zero-sugar,SAVE $1.00
Twist Fruit Drink Blackcurrant 125 ml 8 Pack,6.99,6,14.2,https://www.woolworths.co.nz/shop/product-details/270268/twist-fruit-drink-blackcurrant-125-ml,SAVE $0.99
Colgate Advanced Whitening Toothpaste Tartar Control Value Pack 200g,9.29,6.99,24.8,https://www.woolworths.co.nz/shop/product-details/197044/colgate-advanced-whitening-toothpaste-tartar-control-value-pack,SAVE $2.30
FreshLife Pumpkin Seeds 325g,6.9,6.2,10.1,https://www.woolworths.co.nz/shop/product-details/282463/freshlife-pumpkin-seeds,SAVE $0.70
The Collective Suckies Kids Probiotic Yoghurt Mango 100g,2.45,1.7,30.6,https://www.woolworths.co.nz/shop/product-details/180434/the-collective-suckies-kids-probiotic-yoghurt-mango,
Oscar Wet Cat Food Salmon Jelly 85g,,1.39,,https://www.woolworths.co.nz/shop/product-details/389908/oscar-wet-cat-food-salmon-jelly,10 for $11.00
Tip Top English Muffins Original,5.84,5.3,9.2,https://www.woolworths.co.nz/shop/product-details/6062580/tip-top-english-muffins-original,SAVE $0.54
Ceres Organics Rice Cakes Brown No Added Salt 110g,3.69,3.3,10.6,https://www.woolworths.co.nz/shop/product-details/363226/ceres-organics-rice-cakes-brown-no-added-salt,SAVE $0.39
Protex Antibacterial Bar Soap Gentle Sensitive Skin 90g,2.39,1.39,41.8,https://www.woolworths.co.nz/shop/product-details/268002/protex-antibacterial-bar-soap-gentle-sensitive-skin,SAVE $1.00
Ceres Organics Brown Rice Crackers Salt & Vinegar 115g,3.69,3.3,10.6,https://www.woolworths.co.nz/shop/product-details/726520/ceres-organics-brown-rice-crackers-salt-vinegar,SAVE $0.39
Tegel Take Outs Chicken Burgers Louisiana Style Free Range 4 Pack,13,6.5,50.0,https://www.woolworths.co.nz/shop/product-details/972468/tegel-take-outs-chicken-burgers-louisiana-style-free-range,
Sprite Lemonade Lemon Lime Zero Sugar 6 Pack,8.99,6.5,27.7,https://www.woolworths.co.nz/shop/product-details/787077/sprite-lemonade-lemon-lime-zero-sugar,
Pop'n'Good Popcorn Light & Buttery 150g,3,2.7,10.0,https://www.woolworths.co.nz/shop/product-details/354297/pop-n-good-popcorn-light-buttery,SAVE $0.30
Rockstar Energy Drink Tropical Guava 500mL,2.49,2,19.7,https://www.woolworths.co.nz/shop/product-details/332724/rockstar-energy-drink-tropical-guava,
Avalanche Coffee Sachets 99% Sugar Free Caramel Latte 416g,14.99,12,19.9,https://www.woolworths.co.nz/shop/product-details/913599/avalanche-coffee-sachets-99-sugar-free-caramel-latte,SAVE $2.99
Heinz Seriously Good Mayonnaise Original Mayo 295mL,7.4,5.8,21.6,https://www.woolworths.co.nz/shop/product-details/332185/heinz-seriously-good-mayonnaise-original-mayo,SAVE $1.60
Posh Poppas Poppers Potato & Gravy 400g,8.5,7.6,10.6,https://www.woolworths.co.nz/shop/product-details/6001493/posh-poppas-poppers-potato-gravy,
Woolworths Sourdough Bread Rolls Lunch 3 Pack,5.5,4.9,10.9,https://www.woolworths.co.nz/shop/product-details/345880/woolworths-sourdough-bread-rolls-lunch,SAVE $0.60
Wattie's Flavoured Tomatoes Roast Garlic & Onion 400g,2.79,2.1,24.7,https://www.woolworths.co.nz/shop/product-details/270715/wattie-s-flavoured-tomatoes-roast-garlic-onion,
The Ned Pinot Gris 750mL,,14.99,,https://www.woolworths.co.nz/shop/product-details/916338/the-ned-pinot-gris,Special
Nescafe Coffee Sachets Vanilla Latte 26 Pack,17.59,13.79,21.6,https://www.woolworths.co.nz/shop/product-details/549623/nescafe-coffee-sachets-vanilla-latte,SAVE $3.80
Wattie's Pasta Sauce Tomato & Herb 420g,4.2,2.9,31.0,https://www.woolworths.co.nz/shop/product-details/279301/wattie-s-pasta-sauce-tomato-herb,SAVE $1.30
Twist Fruit Drink Orange & Mango 125ml 8 Pack,6.99,6,14.2,https://www.woolworths.co.nz/shop/product-details/270276/twist-fruit-drink-orange-mango-125ml,SAVE $0.99
Cadbury Chocolate Dairy Milk Fruit & Nut 180g,7,3.49,50.1,https://www.woolworths.co.nz/shop/product-details/814559/cadbury-chocolate-dairy-milk-fruit-nut,SAVE $3.51
Tasti Protein Muesli Bars Double Choc 175g,5.29,4.6,13.0,https://www.woolworths.co.nz/shop/product-details/6000162/tasti-protein-muesli-bars-double-choc,
Woolworths Ciabatta Pocket 10 pack,8.8,7.7,12.5,https://www.woolworths.co.nz/shop/product-details/6043633/woolworths-ciabatta-pocket,SAVE $1.10
Lift Soft Drink Lemon 1.5L,4.99,3.5,29.9,https://www.woolworths.co.nz/shop/product-details/271703/lift-soft-drink-lemon,
Whittaker's Chocolate Cocoa Lovers Dark 92% 100g,6.99,5.49,21.5,https://www.woolworths.co.nz/shop/product-details/90002/whittaker-s-chocolate-cocoa-lovers-dark-92,SAVE $1.50
Arnott's Farmbake Cookies Butter Shortbread 310g,4.39,3.8,13.4,https://www.woolworths.co.nz/shop/product-details/142461/arnott-s-farmbake-cookies-butter-shortbread,
Cadbury Chocolate Favourites 265g,14,10,28.6,https://www.woolworths.co.nz/shop/product-details/6031031/cadbury-chocolate-favourites,SAVE $4.00
Up&Go Energize Liquid Breakfast Choc 250mL,12.99,9.39,27.7,https://www.woolworths.co.nz/shop/product-details/717254/up-go-energize-liquid-breakfast-choc,
L'affare Plunger & Filter Grind Primo 200g,10.95,7.99,27.0,https://www.woolworths.co.nz/shop/product-details/266510/l-affare-plunger-filter-grind-primo,SAVE $2.96
V Refresh Energy Drink Blackcurrant Yuzu 250ml 4 Pack,9.49,6.5,31.5,https://www.woolworths.co.nz/shop/product-details/909063/v-refresh-energy-drink-blackcurrant-yuzu-250ml,SAVE $2.99
Palmolive Naturals Liquid Hand Wash Refill Milk & Honey 1L,7.99,5.99,25.0,https://www.woolworths.co.nz/shop/product-details/379969/palmolive-naturals-liquid-hand-wash-refill-milk-honey,SAVE $2.00
Dettol Antibacterial Disinfectant Liquid Eucalyptus 500mL,5.29,3.99,24.6,https://www.woolworths.co.nz/shop/product-details/343944/dettol-antibacterial-disinfectant-liquid-eucalyptus,SAVE $1.30
Lotus Biscoff Creme Filled Biscuits 110g,3.49,2.49,28.7,https://www.woolworths.co.nz/shop/product-details/341456/lotus-biscoff-creme-filled-biscuits,SAVE $1.00
Fancy Feast Wet Cat Food Classic Pate Ocean Whitefish & Tuna 85g,1.85,1.35,27.0,https://www.woolworths.co.nz/shop/product-details/87271/fancy-feast-wet-cat-food-classic-pate-ocean-whitefish-tuna,SAVE $0.50
Flora Proactiv Spread Buttery 500g,9.65,8.65,10.4,https://www.woolworths.co.nz/shop/product-details/370962/flora-proactiv-spread-buttery,
Finish Dishwasher Powder Lemon 2kg,19.99,11,45.0,https://www.woolworths.co.nz/shop/product-details/272847/finish-dishwasher-powder-lemon,SAVE $8.99
Bell Black Tea Bags Original 30 pack,2.79,2.49,10.8,https://www.woolworths.co.nz/shop/product-details/267370/bell-black-tea-bags-original,SAVE $0.30
The Natural Confectionery Co. Lollies Mini Dinosaurs 80g,2.5,1.5,40.0,https://www.woolworths.co.nz/shop/product-details/6056552/the-natural-confectionery-co-lollies-mini-dinosaurs,
Bluebird Originals Multipack Chips Ready Salted 108g 6 Pack,4.4,3.5,20.5,https://www.woolworths.co.nz/shop/product-details/198127/bluebird-originals-multipack-chips-ready-salted-108g,
Tararua Dip Creamy Onion 250g,4.7,4.2,10.6,https://www.woolworths.co.nz/shop/product-details/274364/tararua-dip-creamy-onion,SAVE $0.50
Lisa's Hummus Gloriously Garlic 380g,7.39,6.5,12.0,https://www.woolworths.co.nz/shop/product-details/295771/lisa-s-hummus-gloriously-garlic,
Mission Corn Chips Cheesy Nachos Gluten Free 230g,4.7,3.69,21.5,https://www.woolworths.co.nz/shop/product-details/728159/mission-corn-chips-cheesy-nachos-gluten-free,SAVE $1.01
Eta Crunches Crackers Roast Chicken 160g,3.49,2.5,28.4,https://www.woolworths.co.nz/shop/product-details/820358/eta-crunches-crackers-roast-chicken,
San Remo La Pasta Pasta & Sauce Macaroni Cheese 160g,,2.8,,https://www.woolworths.co.nz/shop/product-details/700721/san-remo-la-pasta-pasta-sauce-macaroni-cheese,2 for $4.00
Raven Dish Brush Anti Bacterial,3,2.7,10.0,https://www.woolworths.co.nz/shop/product-details/271452/raven-dish-brush-anti-bacterial,SAVE $0.30
Libra Extra Pads Goodnights Wings 10 Pack,5.99,4.59,23.4,https://www.woolworths.co.nz/shop/product-details/30721/libra-extra-pads-goodnights-wings,SAVE $1.40
San Remo La Pasta Pasta & Sauce Creamy Cheese 80g,1.39,1.19,14.4,https://www.woolworths.co.nz/shop/product-details/96687/san-remo-la-pasta-pasta-sauce-creamy-cheese,
Raro Beverage Mix Pineapple 3 Pack,2.39,2.09,12.6,https://www.woolworths.co.nz/shop/product-details/264526/raro-beverage-mix-pineapple,SAVE $0.30
Donovans Cocoa Powder Premium Dutch 200g,11.29,10.3,8.8,https://www.woolworths.co.nz/shop/product-details/808291/donovans-cocoa-powder-premium-dutch,SAVE $0.99
Whittaker's Chocolate Cocoa Lovers Dark Ghana 86% 100g,6.99,5.49,21.5,https://www.woolworths.co.nz/shop/product-details/90003/whittaker-s-chocolate-cocoa-lovers-dark-ghana-86,SAVE $1.50
The Richmond Food Co Sausage Rolls With Cheese 800g,10.99,9.8,10.8,https://www.woolworths.co.nz/shop/product-details/270215/the-richmond-food-co-sausage-rolls-with-cheese,SAVE $1.19
Griffin's Chocolate Biscuits Fingers 180g,4.99,2.99,40.1,https://www.woolworths.co.nz/shop/product-details/32710/griffin-s-chocolate-biscuits-fingers,
Abe's Bagels The Sesame 4 Pack,5.29,4.7,11.2,https://www.woolworths.co.nz/shop/product-details/270583/abe-s-bagels-the-sesame,
Nice & Natural Nut Bars Choc Apricot 180g,4.49,3.49,22.3,https://www.woolworths.co.nz/shop/product-details/954210/nice-natural-nut-bars-choc-apricot,
Smarties Chocolate Fun Size Share Pack 127g,7.49,5.5,26.6,https://www.woolworths.co.nz/shop/product-details/347347/smarties-chocolate-fun-size-share-pack,
Celsius Energy Drink Kiwi Strawberry 330mL,4.49,3,33.2,https://www.woolworths.co.nz/shop/product-details/911076/celsius-energy-drink-kiwi-strawberry,
Ritz Crackers Original 100g,2.19,1.25,42.9,https://www.woolworths.co.nz/shop/product-details/493542/ritz-crackers-original,SAVE $0.94
Queen Maple Syrup 100% Pure 250mL,11.79,10,15.2,https://www.woolworths.co.nz/shop/product-details/142574/queen-maple-syrup-100-pure,SAVE $1.79
Popcorners Corn Snacks Cheddar Cheese 130g,3.9,3.1,20.5,https://www.woolworths.co.nz/shop/product-details/914331/popcorners-corn-snacks-cheddar-cheese,
"Wattie's Steam Fresh Frozen Vegetables Sweet Corn, Carrots & Broccoli 2 Pack",5,3.5,30.0,https://www.woolworths.co.nz/shop/product-details/841225/wattie-s-steam-fresh-frozen-vegetables-sweet-corn-carrots-broccoli,
Surf Washing Liquid Coastal Luxury 40 Washes 2L,17.39,13,25.2,https://www.woolworths.co.nz/shop/product-details/681576/surf-washing-liquid-coastal-luxury-40-washes,SAVE $4.39
Tongariro Water Natural Still 12x500mL,7.99,7.19,10.0,https://www.woolworths.co.nz/shop/product-details/309823/tongariro-water-natural-still,SAVE $0.80
Fab Laundry Powder Fresh Blossoms 1kg,6,5,16.7,https://www.woolworths.co.nz/shop/product-details/879965/fab-laundry-powder-fresh-blossoms,SAVE $1.00
Monster Energy Ultra Energy Drink Strawberry Dreams 500mL,3.99,2.99,25.1,https://www.woolworths.co.nz/shop/product-details/899803/monster-energy-ultra-energy-drink-strawberry-dreams,SAVE $1.00
So Good Almond & Coconut Milk Unsweetened 1L,4.49,3.39,24.5,https://www.woolworths.co.nz/shop/product-details/793384/so-good-almond-coconut-milk-unsweetened,
Johnson's Cotton Buds White 150 Pack,4.59,3.99,13.1,https://www.woolworths.co.nz/shop/product-details/208172/johnson-s-cotton-buds-white,SAVE $0.60
Hansells Greek Style Yoghurt Base Unsweetened 190g,5.9,4.79,18.8,https://www.woolworths.co.nz/shop/product-details/95562/hansells-greek-style-yoghurt-base-unsweetened,SAVE $1.11
Nestle Chokito Chocolate Bar 50g,2.79,1.79,35.8,https://www.woolworths.co.nz/shop/product-details/345841/nestle-chokito-chocolate-bar,
Tasti Protein Bars Dark Choc Almond 200g,6.29,5,20.5,https://www.woolworths.co.nz/shop/product-details/792856/tasti-protein-bars-dark-choc-almond,SAVE $1.29
Artisan Garlic Bread Twin Pack 400g,6.69,5.7,14.8,https://www.woolworths.co.nz/shop/product-details/852606/artisan-garlic-bread-twin-pack,SAVE $0.99
Tegel Roast Chicken Breast Strips 400g,12.5,6.25,50.0,https://www.woolworths.co.nz/shop/product-details/117987/tegel-roast-chicken-breast-strips,
V Blue Energy Drink 500mL,4.49,2.5,44.3,https://www.woolworths.co.nz/shop/product-details/738677/v-blue-energy-drink,SAVE $1.99
Tegel Free Range Chicken Steaks Chargrilled 400g,9,4.5,50.0,https://www.woolworths.co.nz/shop/product-details/6014370/tegel-free-range-chicken-steaks-chargrilled,
High Mark Egg Noodles Ribbon 280g,3.09,2.89,6.5,https://www.woolworths.co.nz/shop/product-details/269519/high-mark-egg-noodles-ribbon,SAVE $0.20
Tararua Dip Gherkin Relish 250g,4.7,4.2,10.6,https://www.woolworths.co.nz/shop/product-details/274362/tararua-dip-gherkin-relish,
Celsius Energy Drink Watermelon Lemonade 330mL,4.49,3,33.2,https://www.woolworths.co.nz/shop/product-details/911019/celsius-energy-drink-watermelon-lemonade,SAVE $1.49
Maggi Sauce Mix Tasty Cheese 39g,1.59,1.4,11.9,https://www.woolworths.co.nz/shop/product-details/10336/maggi-sauce-mix-tasty-cheese,
Mother Earth Fruit Sticks Apple & Raspberry 152g,3.9,3.5,10.3,https://www.woolworths.co.nz/shop/product-details/293101/mother-earth-fruit-sticks-apple-raspberry,
Jed's Coffee Co. Instant Coffee 5 Extra Strong Refill,10.79,7.49,30.6,https://www.woolworths.co.nz/shop/product-details/445857/jed-s-coffee-co-instant-coffee-5-extra-strong-refill,SAVE $3.30
Oscar Wet Cat Food Beef Jelly 85g,,1.39,,https://www.woolworths.co.nz/shop/product-details/200888/oscar-wet-cat-food-beef-jelly,10 for $11.00
Up&Go Liquid Breakfast Banana 250mL,11.99,10.49,12.5,https://www.woolworths.co.nz/shop/product-details/369908/up-go-liquid-breakfast-banana,
Moccona Coffee Sachets Strong Cappuccino 132g,8.39,4.19,50.1,https://www.woolworths.co.nz/shop/product-details/174190/moccona-coffee-sachets-strong-cappuccino,SAVE $4.20
Pieter's Biersticks Original 150g,5.99,5,16.5,https://www.woolworths.co.nz/shop/product-details/442503/pieter-s-biersticks-original,SAVE $0.99
Delisio Multipack Chips Sweet Chilli Relish 90g 5 Pack,4.4,3.5,20.5,https://www.woolworths.co.nz/shop/product-details/198912/delisio-multipack-chips-sweet-chilli-relish-90g,
V Vitalise Energy Drink 500mL,4.49,2.5,44.3,https://www.woolworths.co.nz/shop/product-details/384544/v-vitalise-energy-drink,SAVE $1.99
Woolworths New Zealand plant protein ball 40g,3.99,3.5,12.3,https://www.woolworths.co.nz/shop/product-details/6068720/moodi-plant-protein-ball-choc-caramel,SAVE $0.49
RJ's Licorice Twist Rasberry Chocolate 280g,5.8,4.6,20.7,https://www.woolworths.co.nz/shop/product-details/355400/rj-s-licorice-twist-rasberry-chocolate,SAVE $1.20
Fancy Feast Classic Pate Wet Cat Food Tender Beef 85g,1.85,1.35,27.0,https://www.woolworths.co.nz/shop/product-details/268535/fancy-feast-classic-pate-wet-cat-food-tender-beef,SAVE $0.50
Woolworths Cookies Chunky Dreamy Chocolate Chips 5 Pack,5.9,5.3,10.2,https://www.woolworths.co.nz/shop/product-details/680890/woolworths-cookies-chunky-dreamy-chocolate-chips,SAVE $0.60
Tegel Meal Maker Free Range Shredded Flame Grilled Chicken 2 x 50g Packs,5.69,2.75,51.7,https://www.woolworths.co.nz/shop/product-details/361438/tegel-meal-maker-free-range-shredded-flame-grilled-chicken,
Mutti Chopped Tomatoes Finely 400g,3.29,2.45,25.5,https://www.woolworths.co.nz/shop/product-details/344550/mutti-chopped-tomatoes-finely,
Fancy Feast Wet Cat Food Senior 7+ Chicken Pate 85g,1.85,1.35,27.0,https://www.woolworths.co.nz/shop/product-details/150672/fancy-feast-wet-cat-food-senior-7-chicken-pate,SAVE $0.50
Dine Cat Treats Creamy Chicken Mixed Selection 4x12g,4.79,3.9,18.6,https://www.woolworths.co.nz/shop/product-details/818747/dine-cat-treats-creamy-chicken-mixed-selection,SAVE $0.89
Hen's Choice Eggs Barn Mixed Grade 6 Pack,5.35,4.7,12.1,https://www.woolworths.co.nz/shop/product-details/671400/hen-s-choice-eggs-barn-mixed-grade,SAVE $0.65
Keri Fruit Drink Pulpy Orange 2.4L,5.99,4.79,20.0,https://www.woolworths.co.nz/shop/product-details/919109/keri-fruit-drink-pulpy-orange,
Skittles Sweets Cloudz Fruit 120g,6,2.99,50.2,https://www.woolworths.co.nz/shop/product-details/597847/skittles-sweets-cloudz-fruit,SAVE $3.01
Oob Organic Frozen Mixed Berries 450g,9.99,9,9.9,https://www.woolworths.co.nz/shop/product-details/6024918/oob-organic-frozen-mixed-berries,
Rebel Bakehouse Wraps Low Carb Everything 252g,5.99,5.3,11.5,https://www.woolworths.co.nz/shop/product-details/6049721/rebel-bakehouse-wraps-low-carb-everything,
Only Organic Kindy Toddler Food Banana Mxd Berry Coconut Chia 100g,2.49,2,19.7,https://www.woolworths.co.nz/shop/product-details/78672/only-organic-kindy-toddler-food-banana-mxd-berry-coconut-chia,SAVE $0.49
Griffin's Chocolate Biscuits Roughs 200g,4.99,2.99,40.1,https://www.woolworths.co.nz/shop/product-details/70126/griffin-s-chocolate-biscuits-roughs,
"Wattie's Frozen Mixed Vegetables Green Beans, Broccoli, Carrots 700g",5.99,4.8,19.9,https://www.woolworths.co.nz/shop/product-details/317628/wattie-s-frozen-mixed-vegetables-green-beans-broccoli-carrots,SAVE $1.19
Health Basics Body Wash Otago Summer 950mL,9.59,7.49,21.9,https://www.woolworths.co.nz/shop/product-details/286390/health-basics-body-wash-otago-summer,SAVE $2.10
San Remo Couscous Pearl 300g,3.29,3,8.8,https://www.woolworths.co.nz/shop/product-details/257468/san-remo-couscous-pearl,SAVE $0.29
"Kungfood Dumplings Beef, Honey & Soy 288g 12 Pack",6.5,5.8,10.8,https://www.woolworths.co.nz/shop/product-details/809439/kungfood-dumplings-beef-honey-soy-288g,SAVE $0.70
Chef Classic Wet Cat Food Classic Loaf Mixed Selection 12x100g,12,8.99,25.1,https://www.woolworths.co.nz/shop/product-details/268489/chef-classic-wet-cat-food-classic-loaf-mixed-selection,SAVE $3.01
Cinderella Dried Mango 275g,10.69,9.5,11.1,https://www.woolworths.co.nz/shop/product-details/243217/cinderella-dried-mango,SAVE $1.19
Uncle Tobys Oats Quick Sachets Brown Sugar & Cinnamon 350g,6.39,5.5,13.9,https://www.woolworths.co.nz/shop/product-details/148885/uncle-tobys-oats-quick-sachets-brown-sugar-cinnamon,
Kinder Chocolate Bar Bueno 43g,2.99,2,33.1,https://www.woolworths.co.nz/shop/product-details/66527/kinder-chocolate-bar-bueno,SAVE $0.99
Diamond Pasta Orzo 500g,2.99,2.49,16.7,https://www.woolworths.co.nz/shop/product-details/6015786/diamond-pasta-orzo,SAVE $0.50
Nanna's Fruit Pie Apricot Snack 450g,8.79,4.99,43.2,https://www.woolworths.co.nz/shop/product-details/37544/nanna-s-fruit-pie-apricot-snack,SAVE $3.80
Griffin'S Chit Chat Biscuits Caramel Spice 200g,4.99,2.99,40.1,https://www.woolworths.co.nz/shop/product-details/6072729/griffin-s-chit-chat-biscuits-caramel-spice,
Meadow Fresh Cream Cheese 250g,5.69,5.1,10.4,https://www.woolworths.co.nz/shop/product-details/281706/meadow-fresh-cream-cheese,SAVE $0.59
Raro Beverage Mix Blackcurrant 3 Pack,2.39,2.09,12.6,https://www.woolworths.co.nz/shop/product-details/264570/raro-beverage-mix-blackcurrant,
The Collective Gourmet Probiotic Yoghurt Tub Mango 500g,5.99,5.39,10.0,https://www.woolworths.co.nz/shop/product-details/345883/the-collective-gourmet-probiotic-yoghurt-tub-mango,SAVE $0.60
Hubbards Be Mighty Granola Raspberry & Coconut 400g,7.79,6.69,14.1,https://www.woolworths.co.nz/shop/product-details/123987/hubbards-be-mighty-granola-raspberry-coconut,
Mainland Grated Cheese Colby 400g,10,8.9,11.0,https://www.woolworths.co.nz/shop/product-details/489881/mainland-grated-cheese-colby,SAVE $1.10
"Wattie's Steam Fresh Frozen Vegetables Green Beans, Broccoli & Peas 2 Pack",5,3.5,30.0,https://www.woolworths.co.nz/shop/product-details/469923/wattie-s-steam-fresh-frozen-vegetables-green-beans-broccoli-peas,
Sunsilk Conditioner Long & Strong 700mL,16.99,8.49,50.0,https://www.woolworths.co.nz/shop/product-details/463186/sunsilk-conditioner-long-strong,SAVE $8.50
Surf 5In1 Laundry Liquid Front & Top Laoder Tropical 2L,17.39,13,25.2,https://www.woolworths.co.nz/shop/product-details/841319/surf-5in1-laundry-liquid-front-top-laoder-tropical,SAVE $4.39
Anchor Protein+ Flavoured Milk Banana 375mL,5.49,4.95,9.8,https://www.woolworths.co.nz/shop/product-details/6078659/anchor-protein-flavoured-milk-banana,SAVE $0.54
Farrah's Tortillas Low Carb 6 Inch 10 pack,6.99,5.49,21.5,https://www.woolworths.co.nz/shop/product-details/243761/farrah-s-tortillas-low-carb-6-inch,SAVE $1.50
NATURELAND Baby Food Banana Berry Puree 120g,1.8,1.4,22.2,https://www.woolworths.co.nz/shop/product-details/341716/natureland-baby-food-banana-berry-puree,SAVE $0.40
L'affare Coffee Beans Primo 200g,10.95,7.99,27.0,https://www.woolworths.co.nz/shop/product-details/266513/l-affare-coffee-beans-primo,SAVE $2.96
Chelsea Brown Sugar Soft 1kg,4.39,3.5,20.3,https://www.woolworths.co.nz/shop/product-details/266536/chelsea-brown-sugar-soft,SAVE $0.89
Eta Peanuts Salted 200g,3.49,3,14.0,https://www.woolworths.co.nz/shop/product-details/267928/eta-peanuts-salted,SAVE $0.49
Red Bull Energy Drink 473mL,4.39,3.5,20.3,https://www.woolworths.co.nz/shop/product-details/327603/red-bull-energy-drink,
Diamond Pasta Vegetable Spirals 450g,2.99,2.49,16.7,https://www.woolworths.co.nz/shop/product-details/727888/diamond-pasta-vegetable-spirals,SAVE $0.50
Superior Chunky Dog Treats Beef Chews 5x60g,7.39,4.89,33.8,https://www.woolworths.co.nz/shop/product-details/129438/superior-chunky-dog-treats-beef-chews,SAVE $2.50
Purina One Mature Adult 7+ Wet Cat Food Chicken 70g,1.89,1.35,28.6,https://www.woolworths.co.nz/shop/product-details/100128/purina-one-mature-adult-7-wet-cat-food-chicken,SAVE $0.54
Only Organic Kindy Oat Bars Strawberry & Apple 120g,5.29,4.9,7.4,https://www.woolworths.co.nz/shop/product-details/226828/only-organic-kindy-oat-bars-strawberry-apple,SAVE $0.39
TasteMaker White Vinegar 750mL,2.59,2.07,20.1,https://www.woolworths.co.nz/shop/product-details/773361/tastemaker-white-vinegar,SAVE $0.52
Cadbury Chocolate Caramilk Biscoff 170g,7,3.49,50.1,https://www.woolworths.co.nz/shop/product-details/6062989/cadbury-chocolate-caramilk-biscoff,SAVE $3.51
Sunsilk Shampoo Longer & Stronger 700mL,16.99,8.49,50.0,https://www.woolworths.co.nz/shop/product-details/463195/sunsilk-shampoo-longer-stronger,SAVE $8.50
Aunt Betty's Steamed Pudding Gooey Caramel 190g 2 Pack,5.3,2.79,47.4,https://www.woolworths.co.nz/shop/product-details/726133/aunt-betty-s-steamed-pudding-gooey-caramel-190g,SAVE $2.51
Eclipse Mints Spearmint 40g,4.19,3.7,11.7,https://www.woolworths.co.nz/shop/product-details/815853/eclipse-mints-spearmint,SAVE $0.49
Dolmio Pasta Sauce Bechamel Lasagne 490g,5.3,3.99,24.7,https://www.woolworths.co.nz/shop/product-details/758350/dolmio-pasta-sauce-bechamel-lasagne,
Country Pride Luncheon Ham & Chicken 200g,5.29,4.5,14.9,https://www.woolworths.co.nz/shop/product-details/616188/country-pride-luncheon-ham-chicken,SAVE $0.79
Chobani Greek Yoghurt Lemon 160g,3.15,2.65,15.9,https://www.woolworths.co.nz/shop/product-details/265548/chobani-greek-yoghurt-lemon,
Nongshim Instant Noodles Shinramen Multi Pack 600g,9.79,9.09,7.2,https://www.woolworths.co.nz/shop/product-details/785977/nongshim-instant-noodles-shinramen-multi-pack,SAVE $0.70
Coca-Cola Soft Drink Mini 6 Pack,8.99,6.5,27.7,https://www.woolworths.co.nz/shop/product-details/757272/coca-cola-soft-drink-mini,
Kleenex Tissues Facial 200 Pack,3.69,3.3,10.6,https://www.woolworths.co.nz/shop/product-details/63899/kleenex-tissues-facial,SAVE $0.39
Tasti Protein Muesli Bars Raspberry White Choc 175g,5.29,4.6,13.0,https://www.woolworths.co.nz/shop/product-details/6000506/tasti-protein-muesli-bars-raspberry-white-choc,
Yoplait Yoghurt Tub Greek Lite Natural 1kg,7.95,6.95,12.6,https://www.woolworths.co.nz/shop/product-details/364612/yoplait-yoghurt-tub-greek-lite-natural,SAVE $1.00
Up&Go Liquid Breakfast Strawberry 250mL,11.99,10.49,12.5,https://www.woolworths.co.nz/shop/product-details/189655/up-go-liquid-breakfast-strawberry,
Farrah's Tortillas Low Carb Ultra Keto Small 8 pack,6.99,5.49,21.5,https://www.woolworths.co.nz/shop/product-details/901500/farrah-s-tortillas-low-carb-ultra-keto-small,SAVE $1.50
Oscar Wet Cat Food Ocean Menus Jelly 12x85g,14.2,9.89,30.4,https://www.woolworths.co.nz/shop/product-details/390488/oscar-wet-cat-food-ocean-menus-jelly,SAVE $4.31
Tasti Nut Bars Choc Almond 210g,5.89,3.9,33.8,https://www.woolworths.co.nz/shop/product-details/364858/tasti-nut-bars-choc-almond,SAVE $1.99
Moccona Instant Coffee Classic Medium Roast,17.29,14.99,13.3,https://www.woolworths.co.nz/shop/product-details/38078/moccona-instant-coffee-classic-medium-roast,SAVE $2.30
Only Organic Kindy Baby Food 1+ Years Blueberry Banana & Oat Milk 100gm,2.49,2,19.7,https://www.woolworths.co.nz/shop/product-details/278392/only-organic-kindy-baby-food-1-years-blueberry-banana-oat-milk,SAVE $0.49
The Natural Confectionery Co. Lollies Frogs Reduced Sugar 220g,4.39,3,31.7,https://www.woolworths.co.nz/shop/product-details/698976/the-natural-confectionery-co-lollies-frogs-reduced-sugar,SAVE $1.39
Up&Go Liquid Breakfast Vanilla Ice 250mL,11.99,10.49,12.5,https://www.woolworths.co.nz/shop/product-details/201407/up-go-liquid-breakfast-vanilla-ice,
Bluebird Crackers Sour Cream & Chives 160g,3.8,2.49,34.5,https://www.woolworths.co.nz/shop/product-details/6071670/bluebird-crackers-sour-cream-chives,
Tegel Meal Maker Free Range Shredded Sweet Chilli Chicken 2 x 50g Packs,5.69,2.75,51.7,https://www.woolworths.co.nz/shop/product-details/363253/tegel-meal-maker-free-range-shredded-sweet-chilli-chicken,
Edmonds Standard Grade Flour 1.5kg,3.79,3,20.8,https://www.woolworths.co.nz/shop/product-details/160023/edmonds-standard-grade-flour,SAVE $0.79
Jimbo's Chilled Dog Food Beef & Bone Marrow 800g,10.45,9.4,10.0,https://www.woolworths.co.nz/shop/product-details/398432/jimbo-s-chilled-dog-food-beef-bone-marrow,SAVE $1.05
Oreo Creme Filled Biscuits Dunked In Cadbury Chocolate 197g,4.99,3.5,29.9,https://www.woolworths.co.nz/shop/product-details/273129/oreo-creme-filled-biscuits-dunked-in-cadbury-chocolate,SAVE $1.49
Griffin's Meal Mates Crackers Original 230g,4.29,3,30.1,https://www.woolworths.co.nz/shop/product-details/312722/griffin-s-meal-mates-crackers-original,
Sealord Fish Fillets Hoki Tempura Batter 425g,9.5,8.5,10.5,https://www.woolworths.co.nz/shop/product-details/6024436/sealord-fish-fillets-hoki-tempura-batter,
Original Source Body Wash Vanilla Milk & Raspberry 250mL,4.69,2.99,36.2,https://www.woolworths.co.nz/shop/product-details/760929/original-source-body-wash-vanilla-milk-raspberry,SAVE $1.70
San Remo Pasta Lasagne Sheets 375g,4.59,4.2,8.5,https://www.woolworths.co.nz/shop/product-details/212064/san-remo-pasta-lasagne-sheets,SAVE $0.39
Betty Crocker Cookie Mix Chocolate Chunk 485g,9,5.39,40.1,https://www.woolworths.co.nz/shop/product-details/187797/betty-crocker-cookie-mix-chocolate-chunk,
Monster Energy Ultra Energy Drink Peachy Keen 500mL,3.99,2.99,25.1,https://www.woolworths.co.nz/shop/product-details/320675/monster-energy-ultra-energy-drink-peachy-keen,SAVE $1.00
Tip Top Ice Cream French Vanilla 2L,9,7.5,16.7,https://www.woolworths.co.nz/shop/product-details/269507/tip-top-ice-cream-french-vanilla,SAVE $1.50
Coca-Cola Soft Drink Diet Coke 1.5L,4.99,3.5,29.9,https://www.woolworths.co.nz/shop/product-details/78051/coca-cola-soft-drink-diet-coke,
Diamond Rice Risotto Chinese 350g,5.59,5,10.6,https://www.woolworths.co.nz/shop/product-details/269579/diamond-rice-risotto-chinese,SAVE $0.59
Arnott's Cracker Chips Honey Soy Chicken 150g,4.29,3.5,18.4,https://www.woolworths.co.nz/shop/product-details/855455/arnott-s-cracker-chips-honey-soy-chicken,
Hellers Rasher Bacon 800g,16.99,15,11.7,https://www.woolworths.co.nz/shop/product-details/83834/hellers-rasher-bacon,SAVE $1.99
Serious Pea Puffs Tasty Cheese 100g,4,3,25.0,https://www.woolworths.co.nz/shop/product-details/913597/serious-pea-puffs-tasty-cheese,SAVE $1.00
"Leggo's Pizza Sauce Garlic, Onions & Herbs 4 x 50g",4.1,3.69,10.0,https://www.woolworths.co.nz/shop/product-details/226413/leggo-s-pizza-sauce-garlic-onions-herbs,
Nanna's Fruit Pie Apple Crumble 550g,8.79,4.99,43.2,https://www.woolworths.co.nz/shop/product-details/87076/nanna-s-fruit-pie-apple-crumble,SAVE $3.80
Mountain Dew Soft Drink 2L,4.79,3.5,26.9,https://www.woolworths.co.nz/shop/product-details/713923/mountain-dew-soft-drink,SAVE $1.29
Protex Antibacterial Bar Soap Fresh Value Pack 3 Pack x 90g,5.79,4.79,17.3,https://www.woolworths.co.nz/shop/product-details/709503/protex-antibacterial-bar-soap-fresh-value-pack,SAVE $1.00
High Mark Soy Sauce Reduced Salt 550mL,4.1,3.49,14.9,https://www.woolworths.co.nz/shop/product-details/911437/high-mark-soy-sauce-reduced-salt,SAVE $0.61
Tegel Take Outs Free Range Chicken Nashville Style Patties 600g,16.49,8.24,50.0,https://www.woolworths.co.nz/shop/product-details/237256/tegel-take-outs-free-range-chicken-nashville-style-patties,
Tegel Meal Maker Free Range Sliced Roast Chicken 260g,12.5,6.25,50.0,https://www.woolworths.co.nz/shop/product-details/243928/tegel-meal-maker-free-range-sliced-roast-chicken,
Fancy Feast Classic Pate Wet Cat Food Beef & Liver 85g,1.85,1.35,27.0,https://www.woolworths.co.nz/shop/product-details/268521/fancy-feast-classic-pate-wet-cat-food-beef-liver,SAVE $0.50
Janola Spray Cleaner Bathroom Bleach Lemon Fresh 500mL,5.5,4.9,10.9,https://www.woolworths.co.nz/shop/product-details/272686/janola-spray-cleaner-bathroom-bleach-lemon-fresh,SAVE $0.60
Milkybar Chocolate Bar White 44g,2.79,1.79,35.8,https://www.woolworths.co.nz/shop/product-details/5519/milkybar-chocolate-bar-white,
Arla Protein Pudding Chocolate 200g,5.39,4.82,10.6,https://www.woolworths.co.nz/shop/product-details/6036519/arla-protein-pudding-chocolate,SAVE $0.57
Griffin's Creme Filled Melting Moments 250g,3.99,3,24.8,https://www.woolworths.co.nz/shop/product-details/9526/griffin-s-creme-filled-melting-moments,
Yoplait Yoghurt Tub Strawberry 1kg,7.25,5.5,24.1,https://www.woolworths.co.nz/shop/product-details/739881/yoplait-yoghurt-tub-strawberry,
Tegel Meal Maker Free Range Sliced Smoked Chicken 260g,12.5,6.25,50.0,https://www.woolworths.co.nz/shop/product-details/244387/tegel-meal-maker-free-range-sliced-smoked-chicken,
Active Dishwasher Cleaner Lime & Baking Soda 250mL,9.29,6.99,24.8,https://www.woolworths.co.nz/shop/product-details/348736/active-dishwasher-cleaner-lime-baking-soda,SAVE $2.30
Oreo biscuits 204g 10 pack,4.99,4.49,10.0,https://www.woolworths.co.nz/shop/product-details/6056864/oreo-biscuits-chocolate-mini-multipack,
Friskies Dry Cat Food Surfin' & Turfin' Favourites 1.4kg,15.49,12,22.5,https://www.woolworths.co.nz/shop/product-details/6027821/friskies-dry-cat-food-surfin-turfin-favourites,SAVE $3.49
Nanna's Fruit Crumble Rhubarb & Apple 550g,8.79,4.99,43.2,https://www.woolworths.co.nz/shop/product-details/739902/nanna-s-fruit-crumble-rhubarb-apple,SAVE $3.80
Treasures Dry & Snug Nappy Pants Walker 13-18kg 30 Pack,20,16,20.0,https://www.woolworths.co.nz/shop/product-details/162451/treasures-dry-snug-nappy-pants-walker-13-18kg,SAVE $4.00
Monster Energy Drink Juice Bad Apple 500ml,3.99,2.99,25.1,https://www.woolworths.co.nz/shop/product-details/6079406/monster-energy-drink-juice-bad-apple,SAVE $1.00
Arnott's crackers 120g,4.3,3.5,18.6,https://www.woolworths.co.nz/shop/product-details/6060034/arnott-s-shapes-light-crispy-crackers-honey-soy-chicken,
Lift Soft Drink Diet Lemon 1.5L,4.99,3.5,29.9,https://www.woolworths.co.nz/shop/product-details/271705/lift-soft-drink-diet-lemon,
Cyclops Yoghurt Tub Probiotic Lactose Free 750g,6.95,5.99,13.8,https://www.woolworths.co.nz/shop/product-details/220454/cyclops-yoghurt-tub-probiotic-lactose-free,SAVE $0.96
Speight's Summit Beer Lager Ultra Low Carb 12x330mL,29.99,26.99,10.0,https://www.woolworths.co.nz/shop/product-details/659392/speight-s-summit-beer-lager-ultra-low-carb,SAVE $3.00
Monster Energy Energy Drink 500mL,3.99,2.99,25.1,https://www.woolworths.co.nz/shop/product-details/329812/monster-energy-energy-drink,SAVE $1.00
Heineken Original Beer Lager 24 x 330mL,56.99,49.99,12.3,https://www.woolworths.co.nz/shop/product-details/702344/heineken-original-beer-lager,SAVE $7.00
Chefs World Udon Noodles Japanese 200g,1.39,1.09,21.6,https://www.woolworths.co.nz/shop/product-details/308170/chefs-world-udon-noodles-japanese,SAVE $0.30
Mitchum Roll On Powder Fresh Lady 50mL,4.89,4.39,10.2,https://www.woolworths.co.nz/shop/product-details/47334/mitchum-roll-on-powder-fresh-lady,SAVE $0.50
Only Organic Kindy Kids Meal Beef Bolognese Pasta 220g,3.59,3,16.4,https://www.woolworths.co.nz/shop/product-details/933166/only-organic-kindy-kids-meal-beef-bolognese-pasta,SAVE $0.59
Nescafe Classic Instant Coffee 100g,10.29,8,22.3,https://www.woolworths.co.nz/shop/product-details/805902/nescafe-classic-instant-coffee,SAVE $2.29
Arnott's Farmbake Cookies Choc Chip Fudge 310g,4.39,3.8,13.4,https://www.woolworths.co.nz/shop/product-details/142916/arnott-s-farmbake-cookies-choc-chip-fudge,
Uncle Tobys Cheerios Cereal Wholegrain 560g,9.8,7.8,20.4,https://www.woolworths.co.nz/shop/product-details/387064/uncle-tobys-cheerios-cereal-wholegrain,
Tasti Nut Bars Peanut Butter & Salted Caramel 175g,6.49,5.6,13.7,https://www.woolworths.co.nz/shop/product-details/52273/tasti-nut-bars-peanut-butter-salted-caramel,SAVE $0.89
Paddle Pop Ice Cream Cyclone 688ml 8 Pack,10,8,20.0,https://www.woolworths.co.nz/shop/product-details/199982/paddle-pop-ice-cream-cyclone-688ml,
Libra Ultra Thin Pads Super With Wings 12 Pack,5.99,4.59,23.4,https://www.woolworths.co.nz/shop/product-details/18894/libra-ultra-thin-pads-super-with-wings,SAVE $1.40
Dolmio Pasta Bake Pasta Sauce Three Cheeses 490g,5.3,3.99,24.7,https://www.woolworths.co.nz/shop/product-details/758396/dolmio-pasta-bake-pasta-sauce-three-cheeses,
Real Foods Rice Thins Crispbread Wholegrain 150g,2.99,2.39,20.1,https://www.woolworths.co.nz/shop/product-details/349863/real-foods-rice-thins-crispbread-wholegrain,SAVE $0.60
Whiskas Dry Cat Food Chicken & Rabbit 1.8kg,17.99,12.99,27.8,https://www.woolworths.co.nz/shop/product-details/757650/whiskas-dry-cat-food-chicken-rabbit,SAVE $5.00
Johnson's Body Wash Moisturising 1L,11.29,7.49,33.7,https://www.woolworths.co.nz/shop/product-details/725005/johnson-s-body-wash-moisturising,SAVE $3.80
Whiskas Wet Cat Food Mixed Favourites In Gravy 18x85g,17.2,14.3,16.9,https://www.woolworths.co.nz/shop/product-details/611729/whiskas-wet-cat-food-mixed-favourites-in-gravy,SAVE $2.90
Anchor Cheese Slices Smoked 250g,5.25,4.6,12.4,https://www.woolworths.co.nz/shop/product-details/683773/anchor-cheese-slices-smoked,SAVE $0.65
Only Organic Kids Meal Coconut Banana & Acai Smoothie 100g,2.49,2,19.7,https://www.woolworths.co.nz/shop/product-details/933164/only-organic-kids-meal-coconut-banana-acai-smoothie,SAVE $0.49
Werther's Original Sweets Eclairs 100g,4.59,3.5,23.7,https://www.woolworths.co.nz/shop/product-details/348023/werther-s-original-sweets-eclairs,SAVE $1.09
Rebel Bakehouse Wraps Capsicum & Garlic 378g,5.99,5.3,11.5,https://www.woolworths.co.nz/shop/product-details/6049693/rebel-bakehouse-wraps-capsicum-garlic,
Wattie's Condensed Soup Tomato Canned 420g,4,2.99,25.2,https://www.woolworths.co.nz/shop/product-details/265270/wattie-s-condensed-soup-tomato-canned,
Tegel Chicken Bacon Manuka Smoked Rashers 350g,10.99,5.49,50.0,https://www.woolworths.co.nz/shop/product-details/86457/tegel-chicken-bacon-manuka-smoked-rashers,
Sparkling Duet Soft Drink Raspberry 6 Pack,6.89,5,27.4,https://www.woolworths.co.nz/shop/product-details/659501/sparkling-duet-soft-drink-raspberry,SAVE $1.89
Fancy Feast Classic Pate Wet Cat Food Turkey & Giblets 85g,1.85,1.35,27.0,https://www.woolworths.co.nz/shop/product-details/268240/fancy-feast-classic-pate-wet-cat-food-turkey-giblets,SAVE $0.50
Cheetos Corn Snacks Crunchy Flamin Hot Party Bag 210g,5,4,20.0,https://www.woolworths.co.nz/shop/product-details/98004/cheetos-corn-snacks-crunchy-flamin-hot-party-bag,
Sealord Fish Fillets Hoki Potato Crumb 425g,9.5,8.5,10.5,https://www.woolworths.co.nz/shop/product-details/6024391/sealord-fish-fillets-hoki-potato-crumb,
Captain's Choice Fish Fingers 900g,11.99,9.99,16.7,https://www.woolworths.co.nz/shop/product-details/785248/captain-s-choice-fish-fingers,SAVE $2.00
Eta Crunches Crackers Sour Cream & Chives 160g,3.49,2.5,28.4,https://www.woolworths.co.nz/shop/product-details/820359/eta-crunches-crackers-sour-cream-chives,
Purina One Adult Dry Dog Food Chicken & Rice 2.5kg,28.99,18.69,35.5,https://www.woolworths.co.nz/shop/product-details/6006008/purina-one-adult-dry-dog-food-chicken-rice,SAVE $10.30
Huntley & Palmers Crackers Cream 230g,4.29,3.5,18.4,https://www.woolworths.co.nz/shop/product-details/312644/huntley-palmers-crackers-cream,
Ocean Blue Smoked Salmon Cooking Pieces 125g,9,7.6,15.6,https://www.woolworths.co.nz/shop/product-details/390857/ocean-blue-smoked-salmon-cooking-pieces,SAVE $1.40
Vegeta Chicken Stock Powder 200g,5.89,2.99,49.2,https://www.woolworths.co.nz/shop/product-details/117241/vegeta-chicken-stock-powder,SAVE $2.90
Yoplait Yoghurt Tub Greek Style Vanilla 1kg,7.95,6.95,12.6,https://www.woolworths.co.nz/shop/product-details/475912/yoplait-yoghurt-tub-greek-style-vanilla,SAVE $1.00
Mother Earth Oaty Slices Oat Bars Anzac 240g,4.89,3.89,20.4,https://www.woolworths.co.nz/shop/product-details/293068/mother-earth-oaty-slices-oat-bars-anzac,SAVE $1.00
Much Moore Wonders Frozen Dessert Boysenberry Ripple 2L,6.29,5.5,12.6,https://www.woolworths.co.nz/shop/product-details/6040601/much-moore-wonders-frozen-dessert-boysenberry-ripple,SAVE $0.79
Popsicle Ice Blocks Lemonade 10 Pack,6.6,5.7,13.6,https://www.woolworths.co.nz/shop/product-details/269505/popsicle-ice-blocks-lemonade,SAVE $0.90
The Collective Suckies Kids Probiotic Yoghurt Strawberry 100g,2.45,1.7,30.6,https://www.woolworths.co.nz/shop/product-details/751055/the-collective-suckies-kids-probiotic-yoghurt-strawberry,SAVE $0.75
Delmaine Fresh Pasta Sauce Chilled Tomato & Roasted Garlic 325g,5.99,5.4,9.8,https://www.woolworths.co.nz/shop/product-details/756921/delmaine-fresh-pasta-sauce-chilled-tomato-roasted-garlic,SAVE $0.59
Paneton Paris Sourdough Batard Sliced 600g,8.49,6.9,18.7,https://www.woolworths.co.nz/shop/product-details/6081267/paneton-paris-sourdough-batard-sliced,SAVE $1.59
Raro Beverage Mix Mango Orange 3 Pack,2.39,2.09,12.6,https://www.woolworths.co.nz/shop/product-details/264583/raro-beverage-mix-mango-orange,
Nom Mochi Sorbet Bites Summer Fruit Mix 156g,8,6.8,15.0,https://www.woolworths.co.nz/shop/product-details/382872/nom-mochi-sorbet-bites-summer-fruit-mix,SAVE $1.20
Janola Bleach Lemon 1.25L,3.49,3.19,8.6,https://www.woolworths.co.nz/shop/product-details/141921/janola-bleach-lemon,SAVE $0.30
Obela Hummus Pine Nut Garnished 220g,5.99,4.99,16.7,https://www.woolworths.co.nz/shop/product-details/787662/obela-hummus-pine-nut-garnished,
Tasti Protein Bar Muesli Bars Nutty Choc 200g,6.29,5,20.5,https://www.woolworths.co.nz/shop/product-details/750825/tasti-protein-bar-muesli-bars-nutty-choc,SAVE $1.29
Birds Eye Deli Fries Garlic Herb & Lemon 600g,6.3,4.39,30.3,https://www.woolworths.co.nz/shop/product-details/586842/birds-eye-deli-fries-garlic-herb-lemon,
Montana Winemakers Classics Sauvignon Blanc 750mL,12.49,10.99,12.0,https://www.woolworths.co.nz/shop/product-details/363806/montana-winemakers-classics-sauvignon-blanc,SAVE $1.50
Kinder Chocolate Bar Milk 21g,5.99,4.5,24.9,https://www.woolworths.co.nz/shop/product-details/250759/kinder-chocolate-bar-milk,SAVE $1.49
Chobani yoghurt 160g pottle,3.15,2.65,15.9,https://www.woolworths.co.nz/shop/product-details/6058265/chobani-greek-yoghurt-pine-lime,
First Light Burger Patties Wagyu Beef 400g,13.49,12.1,10.3,https://www.woolworths.co.nz/shop/product-details/661790/first-light-burger-patties-wagyu-beef,SAVE $1.39
Bluebird Crackers Crispy Chicken 160g,3.8,2.49,34.5,https://www.woolworths.co.nz/shop/product-details/6071368/bluebird-crackers-crispy-chicken,
Red Seal Fruit Tea Blood Orange 20 Pack,3.99,3,24.8,https://www.woolworths.co.nz/shop/product-details/940396/red-seal-fruit-tea-blood-orange,SAVE $0.99
Meadow Fresh Calci Strong Dairy Food Bananorama 100g,2.65,1.85,30.2,https://www.woolworths.co.nz/shop/product-details/553212/meadow-fresh-calci-strong-dairy-food-bananorama,SAVE $0.80
Vitafresh 99% Sugar Free Drink Mix Sweet Navel Orange 45g 3 Pack,2.29,1.99,13.1,https://www.woolworths.co.nz/shop/product-details/830654/vitafresh-99-sugar-free-drink-mix-sweet-navel-orange-45g,SAVE $0.30
Leggo's Australian Tomatoes Crushed 410g,2.5,1.9,24.0,https://www.woolworths.co.nz/shop/product-details/883382/leggo-s-australian-tomatoes-crushed,
Cadbury Slices Chocolate Peanut Caramel 170g,7,3.49,50.1,https://www.woolworths.co.nz/shop/product-details/597075/cadbury-slices-chocolate-peanut-caramel,
Tonzu Tofu Plain Natural Organic 300g,6.09,5.4,11.3,https://www.woolworths.co.nz/shop/product-details/265080/tonzu-tofu-plain-natural-organic,SAVE $0.69
Colgate Triple Action Toothpaste Original Mint Value Pack 210g,6.19,5.49,11.3,https://www.woolworths.co.nz/shop/product-details/165388/colgate-triple-action-toothpaste-original-mint-value-pack,SAVE $0.70
Glaceau Vitamin Water Antioxidant 500mL,3.49,3,14.0,https://www.woolworths.co.nz/shop/product-details/739893/glaceau-vitamin-water-antioxidant,
Sorbent Facial Tissues 4 Ply Sensitive 80 sheets,3.79,3.25,14.2,https://www.woolworths.co.nz/shop/product-details/86324/sorbent-facial-tissues-4-ply-sensitive,SAVE $0.54
Arnott's Cracker Chips Sea Salt & Balsamic Vinegar 150g,4.29,3.5,18.4,https://www.woolworths.co.nz/shop/product-details/855495/arnott-s-cracker-chips-sea-salt-balsamic-vinegar,
Galaxy Blue Cheese Creamy 100g,5.79,4.99,13.8,https://www.woolworths.co.nz/shop/product-details/281730/galaxy-blue-cheese-creamy,SAVE $0.80
Mainland Cheese Edam 500g,10.5,8.4,20.0,https://www.woolworths.co.nz/shop/product-details/281835/mainland-cheese-edam,SAVE $2.10
Meadow Fresh Cottage Cheese & Garlic 250g,5.4,4.8,11.1,https://www.woolworths.co.nz/shop/product-details/281717/meadow-fresh-cottage-cheese-garlic,SAVE $0.60
Ceres Organics Brown Rice Crackers Smokey BBQ 115g,3.69,3.3,10.6,https://www.woolworths.co.nz/shop/product-details/182112/ceres-organics-brown-rice-crackers-smokey-bbq,SAVE $0.39
Mainland Cheese Colby 500g,10.5,8.4,20.0,https://www.woolworths.co.nz/shop/product-details/48518/mainland-cheese-colby,SAVE $2.10
Glow Lab Body Wash Coconut And Sandalwood 900mL,19.39,10.99,43.3,https://www.woolworths.co.nz/shop/product-details/43760/glow-lab-body-wash-coconut-and-sandalwood,SAVE $8.40
Chobani Greek Yoghurt Natural Whole Milk 907g,8.99,7.99,11.1,https://www.woolworths.co.nz/shop/product-details/463666/chobani-greek-yoghurt-natural-whole-milk,
Easy-Off Bam Drain Cleaner Turbo Gel 1L,15.49,13,16.1,https://www.woolworths.co.nz/shop/product-details/90065/easy-off-bam-drain-cleaner-turbo-gel,SAVE $2.49
Sour Patch Kids Lollies Layers 190g,4.39,2.49,43.3,https://www.woolworths.co.nz/shop/product-details/68550/sour-patch-kids-lollies-layers,SAVE $1.90
NZ Natural Sparkling Water Lime 1L,2.49,2,19.7,https://www.woolworths.co.nz/shop/product-details/802823/nz-natural-sparkling-water-lime,
Fix & Fogg Peanut Butter Smooth 375g,7.49,5.9,21.2,https://www.woolworths.co.nz/shop/product-details/498474/fix-fogg-peanut-butter-smooth,SAVE $1.59
Ribena Fruit Drink Blackcurrant 1L,3.69,3,18.7,https://www.woolworths.co.nz/shop/product-details/114571/ribena-fruit-drink-blackcurrant,
Kleenex Wet Wipes Cleaning Wipes Antibacterial 15 Pack,3,2.5,16.7,https://www.woolworths.co.nz/shop/product-details/346539/kleenex-wet-wipes-cleaning-wipes-antibacterial,SAVE $0.50
Delisio Chips Greek Style Tzatziki 130g,3.35,2.49,25.7,https://www.woolworths.co.nz/shop/product-details/6027909/delisio-chips-greek-style-tzatziki,
Tegel Free Range Crunchy Chicken Burger Patties 400g,9,4.5,50.0,https://www.woolworths.co.nz/shop/product-details/6014360/tegel-free-range-crunchy-chicken-burger-patties,
Sealord Sensations Tuna In Mayonnaise 95g,2.8,1.69,39.6,https://www.woolworths.co.nz/shop/product-details/712663/sealord-sensations-tuna-in-mayonnaise,
Nescafe Coffee Sachets Mocha 26 Pack,17.59,13.79,21.6,https://www.woolworths.co.nz/shop/product-details/549621/nescafe-coffee-sachets-mocha,SAVE $3.80
Woolworths Snack Mix Cranberry Nut Medley 500g,15,13,13.3,https://www.woolworths.co.nz/shop/product-details/494103/woolworths-snack-mix-cranberry-nut-medley,
Homegrown Fruit Juice Immune Triple Shot 195mL,3.55,3.1,12.7,https://www.woolworths.co.nz/shop/product-details/266963/homegrown-fruit-juice-immune-triple-shot,SAVE $0.45
Tasti Chewy Muesli Squares Strawberry & White Choc 175g,3.49,2.79,20.1,https://www.woolworths.co.nz/shop/product-details/6001482/tasti-chewy-muesli-squares-strawberry-white-choc,
Betty Crocker Cake Mix Vanilla 450g,9,5.39,40.1,https://www.woolworths.co.nz/shop/product-details/893933/betty-crocker-cake-mix-vanilla,
Mrs Rogers Peppercorns Gourmet Mix 44g,3.1,2.5,19.4,https://www.woolworths.co.nz/shop/product-details/171917/mrs-rogers-peppercorns-gourmet-mix,SAVE $0.60
Cadbury Chocolate Bar Flake Luxury 43g,3.29,1.8,45.3,https://www.woolworths.co.nz/shop/product-details/6040246/cadbury-chocolate-bar-flake-luxury,SAVE $1.49
Anchor Yoghurt Protein Plus Honey Pouch 165g,3.75,2.99,20.3,https://www.woolworths.co.nz/shop/product-details/6036714/anchor-yoghurt-protein-plus-honey-pouch,SAVE $0.76
Lipton Ice Tea Peach No Sugar 1.5L,5.49,4,27.1,https://www.woolworths.co.nz/shop/product-details/221667/lipton-ice-tea-peach-no-sugar,
Pop'n'Good Popping Corn 500g,3.89,3.7,4.9,https://www.woolworths.co.nz/shop/product-details/267584/pop-n-good-popping-corn,SAVE $0.19
Morning Fresh dishwash liquid strawberry & guava 400ml,5.49,3.5,36.2,https://www.woolworths.co.nz/shop/product-details/195186/morning-fresh-dishwash-liquid-strawberry-guava,SAVE $1.99
Fantastic Instant Noodles Chicken Cup 70g,2.19,1.6,26.9,https://www.woolworths.co.nz/shop/product-details/62735/fantastic-instant-noodles-chicken-cup,SAVE $0.59
Philadelphia Cream Cheese Light 250g,5.99,5.3,11.5,https://www.woolworths.co.nz/shop/product-details/96422/philadelphia-cream-cheese-light,SAVE $0.69
Protex Antibacterial Bar Soap Pomegranate & Berry 90g,2.39,1.39,41.8,https://www.woolworths.co.nz/shop/product-details/659082/protex-antibacterial-bar-soap-pomegranate-berry,SAVE $1.00
Vista Sparkling Water Strawberry & Pineapple 8 Pack,13.49,10.49,22.2,https://www.woolworths.co.nz/shop/product-details/309559/vista-sparkling-water-strawberry-pineapple,SAVE $3.00
"Wattie's Frozen Chunky Mixed Vegetables Carrots, Cauliflower, Broccoli 750g",5.99,4.8,19.9,https://www.woolworths.co.nz/shop/product-details/272819/wattie-s-frozen-chunky-mixed-vegetables-carrots-cauliflower-broccoli,
McCain Super Fries Steak Cut 900g,5.2,4.2,19.2,https://www.woolworths.co.nz/shop/product-details/662932/mccain-super-fries-steak-cut,
Hubbards Be Mighty Granola Crunchy Almond 400g,7.79,6.69,14.1,https://www.woolworths.co.nz/shop/product-details/122680/hubbards-be-mighty-granola-crunchy-almond,
Dettol Foaming Hand Wash Rose & Cherry 250mL,5.49,3.29,40.1,https://www.woolworths.co.nz/shop/product-details/724612/dettol-foaming-hand-wash-rose-cherry,SAVE $2.20
SnackaChangi Corn Chips Cheese 170g,5,2.99,40.2,https://www.woolworths.co.nz/shop/product-details/6084406/snackachangi-corn-chips-cheese,
Fabulicious Sherbert Fizz Raspberry 200g,3.79,2.49,34.3,https://www.woolworths.co.nz/shop/product-details/55499/fabulicious-sherbert-fizz-raspberry,SAVE $1.30
Sealord Sensations Tuna Satay 95g,2.8,1.69,39.6,https://www.woolworths.co.nz/shop/product-details/451167/sealord-sensations-tuna-satay,
Anchor Original Soft Spread Light Dairy Blend 500g,8.29,7.39,10.9,https://www.woolworths.co.nz/shop/product-details/372341/anchor-original-soft-spread-light-dairy-blend,SAVE $0.90
Vitasoy Almond Milky UHT Milk 1L,4.79,3.39,29.2,https://www.woolworths.co.nz/shop/product-details/660390/vitasoy-almond-milky-uht-milk,
Cadbury Roses Chocolates Assortment 225g boxed,14,10,28.6,https://www.woolworths.co.nz/shop/product-details/688973/cadbury-roses-chocolates-assortment,SAVE $4.00
Fluffy Fabric Softener Conditioner Coconut & Vanilla 2L,9.89,7.99,19.2,https://www.woolworths.co.nz/shop/product-details/598599/fluffy-fabric-softener-conditioner-coconut-vanilla,SAVE $1.90
Flying Goose Sriracha Sauce Hot Chilli 455mL,10.75,9.45,12.1,https://www.woolworths.co.nz/shop/product-details/252091/flying-goose-sriracha-sauce-hot-chilli,SAVE $1.30
Silk Toilet Wipes Flushable 40 Pack,3.8,3.3,13.2,https://www.woolworths.co.nz/shop/product-details/490398/silk-toilet-wipes-flushable,SAVE $0.50
Betty Crocker Cookie Mix Rainbow 495g,9,5.39,40.1,https://www.woolworths.co.nz/shop/product-details/314544/betty-crocker-cookie-mix-rainbow,
Meadow Fresh Cream Cheese Light 250g,5.69,5.1,10.4,https://www.woolworths.co.nz/shop/product-details/281610/meadow-fresh-cream-cheese-light,SAVE $0.59
Arataki Multiflora Honey Manuka 500g,9.89,8.69,12.1,https://www.woolworths.co.nz/shop/product-details/269766/arataki-multiflora-honey-manuka,SAVE $1.20
Doritos Corn Chips Cool Ranch 150g,3.9,2.5,35.9,https://www.woolworths.co.nz/shop/product-details/140364/doritos-corn-chips-cool-ranch,
Sea Treasure Prawns Cooked Cutlets 1kg,29,19.99,31.1,https://www.woolworths.co.nz/shop/product-details/432822/sea-treasure-prawns-cooked-cutlets,SAVE $9.01
McCain Rustica Pizza Australian Angus Beef 370g,11,8.9,19.1,https://www.woolworths.co.nz/shop/product-details/315505/mccain-rustica-pizza-australian-angus-beef,
Wattie's Homestyle Mashed Potato 450g,5.39,4.6,14.7,https://www.woolworths.co.nz/shop/product-details/295561/wattie-s-homestyle-mashed-potato,
Persil Laundry Liquid Wonder Wash Odour Fresh 1.18L,16,12.8,20.0,https://www.woolworths.co.nz/shop/product-details/6019923/persil-laundry-liquid-wonder-wash-odour-fresh,SAVE $3.20
Cooks Scorched Peanut Chocolate Bar 45g,2.39,1.5,37.2,https://www.woolworths.co.nz/shop/product-details/105379/cooks-scorched-peanut-chocolate-bar,SAVE $0.89
Bluebird Crackers Salt & Vinegar 160g,3.8,2.49,34.5,https://www.woolworths.co.nz/shop/product-details/6071203/bluebird-crackers-salt-vinegar,
Powerade Zero Sports Drink Black Currant 750mL,4.49,3.49,22.3,https://www.woolworths.co.nz/shop/product-details/902503/powerade-zero-sports-drink-black-currant,
Forty Thieves Peanut Butter Smooth 375g,7.49,5.49,26.7,https://www.woolworths.co.nz/shop/product-details/6038781/forty-thieves-peanut-butter-smooth,
Tip Top Ice Cream Chocolate 2L,9,7.5,16.7,https://www.woolworths.co.nz/shop/product-details/269528/tip-top-ice-cream-chocolate,SAVE $1.50
Lipton Ice Tea Peach 1.5L,5.49,4,27.1,https://www.woolworths.co.nz/shop/product-details/305224/lipton-ice-tea-peach,SAVE $1.49
Asahi Beer Super Dry Lager 12x330mL,31.99,25.99,18.8,https://www.woolworths.co.nz/shop/product-details/742662/asahi-beer-super-dry-lager,SAVE $6.00
Posh Poppas Poppers Cheesy Jalapeno 420g,8.5,7.6,10.6,https://www.woolworths.co.nz/shop/product-details/6001926/posh-poppas-poppers-cheesy-jalapeno,
Mother Earth Fruit Sticks Beetroot Apple & Berry 152g,3.9,3.5,10.3,https://www.woolworths.co.nz/shop/product-details/577073/mother-earth-fruit-sticks-beetroot-apple-berry,
Little Bellies Organic Baby Snacks Sultanas 84g 6 Pack,3.59,3,16.4,https://www.woolworths.co.nz/shop/product-details/766376/little-bellies-organic-baby-snacks-sultanas-84g,SAVE $0.59
Galaxy Brie Cheese 125g,5.29,3.99,24.6,https://www.woolworths.co.nz/shop/product-details/281779/galaxy-brie-cheese,SAVE $1.30
Dove Soap Bar Regular 2x90g,5.49,3.99,27.3,https://www.woolworths.co.nz/shop/product-details/225912/dove-soap-bar-regular,SAVE $1.50
Fabulicious Raspberry Twister 200g,3.79,2.49,34.3,https://www.woolworths.co.nz/shop/product-details/53924/fabulicious-raspberry-twister,SAVE $1.30
Rebel Bakehouse Gluten Free Wraps Sourdough & Superseeds 184g,6.19,5.3,14.4,https://www.woolworths.co.nz/shop/product-details/6050689/rebel-bakehouse-gluten-free-wraps-sourdough-superseeds,
Patties Savouries & Sausage Rolls Mini Combo Pack 1kg,16.99,13.79,18.8,https://www.woolworths.co.nz/shop/product-details/147700/patties-savouries-sausage-rolls-mini-combo-pack,
Coffee Supreme Whole Beans Coffee Supreme 500g,28.59,24.99,12.6,https://www.woolworths.co.nz/shop/product-details/388251/coffee-supreme-whole-beans-coffee-supreme,SAVE $3.60
Wattie's Boysenberries In Syrup 425g,5.6,5,10.7,https://www.woolworths.co.nz/shop/product-details/304867/wattie-s-boysenberries-in-syrup,
Reach Dental Floss Cleanburst 50m,3.49,2.99,14.3,https://www.woolworths.co.nz/shop/product-details/31528/reach-dental-floss-cleanburst,SAVE $0.50
Ceres Organics Oaty Bars Berry 100g,5.99,5.4,9.8,https://www.woolworths.co.nz/shop/product-details/6003103/ceres-organics-oaty-bars-berry,SAVE $0.59
Mother Earth Protein Bars Rocky Road 190g,5.8,5.2,10.3,https://www.woolworths.co.nz/shop/product-details/6064877/mother-earth-protein-bars-rocky-road,SAVE $0.60
Trident Rice Noodles Viet Chicken 220g,5.99,4.2,29.9,https://www.woolworths.co.nz/shop/product-details/6039198/trident-rice-noodles-viet-chicken,SAVE $1.79
Finish Dishwasher Tablets Ultimate All In 1 Lemon Sparkle 46 Pack,39.99,26,35.0,https://www.woolworths.co.nz/shop/product-details/148368/finish-dishwasher-tablets-ultimate-all-in-1-lemon-sparkle,SAVE $13.99
Eclipse Mints Peppermint 40g,4.19,3.7,11.7,https://www.woolworths.co.nz/shop/product-details/815854/eclipse-mints-peppermint,SAVE $0.49
Dettol Bar Soap Citrus Fresh 3 Pack,4.99,4.49,10.0,https://www.woolworths.co.nz/shop/product-details/123002/dettol-bar-soap-citrus-fresh,SAVE $0.50
Eta Peanuts Honey Roasted 175g,4.79,3.69,23.0,https://www.woolworths.co.nz/shop/product-details/78669/eta-peanuts-honey-roasted,
OGX Argan Oil Of Morocco Conditioner 385mL,20.49,14.99,26.8,https://www.woolworths.co.nz/shop/product-details/725754/ogx-argan-oil-of-morocco-conditioner,SAVE $5.50
Magnum Mini Ice Cream On Stick Classic 6 x 60mL,11.79,8.8,25.4,https://www.woolworths.co.nz/shop/product-details/153676/magnum-mini-ice-cream-on-stick-classic,
Sprite Lemonade Lemon Lime 18 Pack,23.99,18.99,20.8,https://www.woolworths.co.nz/shop/product-details/660282/sprite-lemonade-lemon-lime,
OGX Argan Oil Of Morocco Repairing Shampoo 385mL,20.49,14.99,26.8,https://www.woolworths.co.nz/shop/product-details/725753/ogx-argan-oil-of-morocco-repairing-shampoo,SAVE $5.50
Pic's Really Good Peanut Butter Smooth 1kg,17.69,15.49,12.4,https://www.woolworths.co.nz/shop/product-details/198407/pic-s-really-good-peanut-butter-smooth,
Fresh'n Fruity Yoghurt 6pk Strawberry 750g,6.69,5.75,14.1,https://www.woolworths.co.nz/shop/product-details/113939/fresh-n-fruity-yoghurt-6pk-strawberry,
Chicago Extra Thin Pizza Chicken & Cranberry 360g,9,6.49,27.9,https://www.woolworths.co.nz/shop/product-details/105248/chicago-extra-thin-pizza-chicken-cranberry,SAVE $2.51
Cadbury Old Gold Chocolate Block Roast Almond 170g,7,3.49,50.1,https://www.woolworths.co.nz/shop/product-details/6064246/cadbury-old-gold-chocolate-block-roast-almond,
Fibre One Cake Bars Chocolate 120g,5.89,4.7,20.2,https://www.woolworths.co.nz/shop/product-details/536100/fibre-one-cake-bars-chocolate,
Big Black Sacks Low Cost Rubbish Bags Bulk 50 Pack,16.79,15.09,10.1,https://www.woolworths.co.nz/shop/product-details/268822/big-black-sacks-low-cost-rubbish-bags-bulk,SAVE $1.70
Chelsea Raw Sugar 1.2kg,5.3,3.3,37.7,https://www.woolworths.co.nz/shop/product-details/717042/chelsea-raw-sugar,SAVE $2.00
Powerade Active Water Peach & Apple 750mL,4.49,3.49,22.3,https://www.woolworths.co.nz/shop/product-details/54741/powerade-active-water-peach-apple,
Chobani No Sugar Added Greek Yoghurt Vanilla Bean 150g,3.39,2.65,21.8,https://www.woolworths.co.nz/shop/product-details/272107/chobani-no-sugar-added-greek-yoghurt-vanilla-bean,
Woolworths Cake Chocolate Mud,8,7.2,10.0,https://www.woolworths.co.nz/shop/product-details/941384/woolworths-cake-chocolate-mud,SAVE $0.80
Leanne's Kitchen Dumplings Teriyaki Chicken 250g,4,2.99,25.2,https://www.woolworths.co.nz/shop/product-details/6018735/leanne-s-kitchen-dumplings-teriyaki-chicken,SAVE $1.01
Easy-Off Bam Washing Machine Cleaner 250mL,8.5,7.49,11.9,https://www.woolworths.co.nz/shop/product-details/148888/easy-off-bam-washing-machine-cleaner,SAVE $1.01
Vitafresh Sachet Drink Mix Peach Ice Tea 150g 3 Pack,2.29,1.99,13.1,https://www.woolworths.co.nz/shop/product-details/830713/vitafresh-sachet-drink-mix-peach-ice-tea-150g,SAVE $0.30
Maggi 2-Minute Instant Noodles Oriental 370g,4.24,3.39,20.0,https://www.woolworths.co.nz/shop/product-details/343897/maggi-2-minute-instant-noodles-oriental,
Sour Patch Kids Lollies Mini Xtreme Sour Heads 80g,2.5,1.5,40.0,https://www.woolworths.co.nz/shop/product-details/6056794/sour-patch-kids-lollies-mini-xtreme-sour-heads,SAVE $1.00
Posh Poppas Pizza Mini Ham & Cheese 350g,8.5,7.6,10.6,https://www.woolworths.co.nz/shop/product-details/6033980/posh-poppas-pizza-mini-ham-cheese,SAVE $0.90
Forty Thieves Peanut Butter Crunchy 375g,7.49,5.49,26.7,https://www.woolworths.co.nz/shop/product-details/6038672/forty-thieves-peanut-butter-crunchy,
Moogurt Suckies Kids Probiotic Yoghurt Mango Passion 10 Pack,14.25,10.9,23.5,https://www.woolworths.co.nz/shop/product-details/280812/moogurt-suckies-kids-probiotic-yoghurt-mango-passion,
Nesquik Cereal Choco Crunchy 600g,9.79,7.8,20.3,https://www.woolworths.co.nz/shop/product-details/6018784/nesquik-cereal-choco-crunchy,
Farrah's Spice Mix Taco 35g,3,2.49,17.0,https://www.woolworths.co.nz/shop/product-details/526023/farrah-s-spice-mix-taco,SAVE $0.51
Galaxy Camembert Cheese 125g,5.29,3.99,24.6,https://www.woolworths.co.nz/shop/product-details/281777/galaxy-camembert-cheese,SAVE $1.30
Whittaker's Chocolate Bar Almond Slab 45g,2.69,1.99,26.0,https://www.woolworths.co.nz/shop/product-details/297415/whittaker-s-chocolate-bar-almond-slab,SAVE $0.70
Mother Earth Protein Oat Bakes Chocolate Chip 200g,5.3,4.5,15.1,https://www.woolworths.co.nz/shop/product-details/6000339/mother-earth-protein-oat-bakes-chocolate-chip,SAVE $0.80
Remedy Kombucha Wild Berry No Sugar 750mL,7.49,5,33.2,https://www.woolworths.co.nz/shop/product-details/124742/remedy-kombucha-wild-berry-no-sugar,SAVE $2.49
Tip Top Choc Bar Ice Cream On Stick Standard 6 Pack,10.99,9,18.1,https://www.woolworths.co.nz/shop/product-details/269533/tip-top-choc-bar-ice-cream-on-stick-standard,SAVE $1.99
Woolworths Bread Rolls BBQ Meatlovers Pinwheel 4 pack,7,6.3,10.0,https://www.woolworths.co.nz/shop/product-details/6044612/woolworths-bread-rolls-bbq-meatlovers-pinwheel,SAVE $0.70
Serious Pea Puffs Sea Salt 100g,4,3,25.0,https://www.woolworths.co.nz/shop/product-details/912640/serious-pea-puffs-sea-salt,SAVE $1.00
Kungfood Dumplings Hoisin Pork & Cabbage 288g 12 Pack,6.5,5.8,10.8,https://www.woolworths.co.nz/shop/product-details/651533/kungfood-dumplings-hoisin-pork-cabbage-288g,
Cadbury Chocolate Dairy Milk All Blacks 167G,7,3.49,50.1,https://www.woolworths.co.nz/shop/product-details/6079320/cadbury-chocolate-dairy-milk-all-blacks,SAVE $3.51
Natureland baby snacks 15g,5,4.5,10.0,https://www.woolworths.co.nz/shop/product-details/6055370/natureland-baby-snacks-yoghurt-drops-passionfruit,SAVE $0.50
Monster Energy Ultra Energy Drink Ruby Red 500mL,3.99,2.99,25.1,https://www.woolworths.co.nz/shop/product-details/6028427/monster-energy-ultra-energy-drink-ruby-red,SAVE $1.00
Hellers Streaky Bacon 400g,12.5,10,20.0,https://www.woolworths.co.nz/shop/product-details/352312/hellers-streaky-bacon,SAVE $2.50
Powerade Sports Drink Berry Ice 750mL,4.49,3.49,22.3,https://www.woolworths.co.nz/shop/product-details/264515/powerade-sports-drink-berry-ice,
Arnott's crackers 120g,4.3,3.5,18.6,https://www.woolworths.co.nz/shop/product-details/6059565/arnott-s-shapes-light-crispy-crackers-sour-cream-chives,
Silver Fern Farms Beef Medallions 400g,21.95,19.7,10.3,https://www.woolworths.co.nz/shop/product-details/71417/silver-fern-farms-beef-medallions,SAVE $2.25
Tip Top Ice Cream Hokey Pokey 2L,9,7.5,16.7,https://www.woolworths.co.nz/shop/product-details/269509/tip-top-ice-cream-hokey-pokey,SAVE $1.50
The Ned Rose 750mL,,14.99,,https://www.woolworths.co.nz/shop/product-details/942391/the-ned-rose,Special
Riviana Arborio Rice Italian Risotto 1kg,7.59,6.5,14.4,https://www.woolworths.co.nz/shop/product-details/90660/riviana-arborio-rice-italian-risotto,SAVE $1.09
Only Organic Kindy Baby Food Mango Ban Pasnft Conut Flax 100g,2.49,2,19.7,https://www.woolworths.co.nz/shop/product-details/78093/only-organic-kindy-baby-food-mango-ban-pasnft-conut-flax,SAVE $0.49
Palmolive Antibacterial Liquid Hand Wash Refill Odour Neutralising Lime 1L,7.99,5.99,25.0,https://www.woolworths.co.nz/shop/product-details/728601/palmolive-antibacterial-liquid-hand-wash-refill-odour-neutralising-lime,SAVE $2.00
Persil Laundry Liquid Expert Wonder Wash Speed Clean 1.18L,16,12.8,20.0,https://www.woolworths.co.nz/shop/product-details/6020362/persil-laundry-liquid-expert-wonder-wash-speed-clean,SAVE $3.20
Live Plus Energy Drink Persist 6 Pack,7.5,6,20.0,https://www.woolworths.co.nz/shop/product-details/694547/live-plus-energy-drink-persist,SAVE $1.50
Dettol Foaming Hand Wash Rose & Cherry 900mL,10.99,6.99,36.4,https://www.woolworths.co.nz/shop/product-details/482404/dettol-foaming-hand-wash-rose-cherry,SAVE $4.00
Tip Top Ice Cream Choc Fudge Sundae 2L,9,7.5,16.7,https://www.woolworths.co.nz/shop/product-details/477115/tip-top-ice-cream-choc-fudge-sundae,SAVE $1.50
Sour Patch Kids Lollies Berry 190g,4.39,2.49,43.3,https://www.woolworths.co.nz/shop/product-details/234585/sour-patch-kids-lollies-berry,SAVE $1.90
Ceres Organics Rice Crackers Black Sesame 100g,3.69,3.3,10.6,https://www.woolworths.co.nz/shop/product-details/363570/ceres-organics-rice-crackers-black-sesame,SAVE $0.39
Colgate Advanced Whitening Toothpaste Purple 120g,9.29,6.99,24.8,https://www.woolworths.co.nz/shop/product-details/256420/colgate-advanced-whitening-toothpaste-purple,SAVE $2.30
The Natural Confectionery Co. Lollies Snakes Reduced Sugar 230g,4.39,3,31.7,https://www.woolworths.co.nz/shop/product-details/230698/the-natural-confectionery-co-lollies-snakes-reduced-sugar,SAVE $1.39
Fresh'n Fruity Yoghurt 6pk Apricot 750g,6.69,5.75,14.1,https://www.woolworths.co.nz/shop/product-details/113126/fresh-n-fruity-yoghurt-6pk-apricot,
Mother Earth Batch Roasted Cashews Lightly Salted 50g,2.49,2.2,11.6,https://www.woolworths.co.nz/shop/product-details/483940/mother-earth-batch-roasted-cashews-lightly-salted,
Uncle Tobys Oats Quick Sachets Creamy Honey 350g,6.39,5.5,13.9,https://www.woolworths.co.nz/shop/product-details/148364/uncle-tobys-oats-quick-sachets-creamy-honey,
Tasti Chewy Muesli Squares Choc Drizzle 175g,3.49,2.79,20.1,https://www.woolworths.co.nz/shop/product-details/6001377/tasti-chewy-muesli-squares-choc-drizzle,
Hellers Ham Shaved Honey Baked 100g,4.29,3.5,18.4,https://www.woolworths.co.nz/shop/product-details/328852/hellers-ham-shaved-honey-baked,SAVE $0.79
Delmaine Flavoured Tomatoes Italian Cherry 400g,3.09,2.75,11.0,https://www.woolworths.co.nz/shop/product-details/375440/delmaine-flavoured-tomatoes-italian-cherry,SAVE $0.34
Tasti Almonds Sliced 70g,3.3,2.7,18.2,https://www.woolworths.co.nz/shop/product-details/274672/tasti-almonds-sliced,
Cottee's Chocolate Whizz Topping Chocolate 220g,6.8,4.7,30.9,https://www.woolworths.co.nz/shop/product-details/335008/cottee-s-chocolate-whizz-topping-chocolate,SAVE $2.10
Orchard Gold Smoothie Frozen Mixed Berries 500g,8.3,7.4,10.8,https://www.woolworths.co.nz/shop/product-details/316973/orchard-gold-smoothie-frozen-mixed-berries,
Tom & Luke Snack Balls Choc With Pics Peanut Butter 133g,7.49,6,19.9,https://www.woolworths.co.nz/shop/product-details/340752/tom-luke-snack-balls-choc-with-pics-peanut-butter,SAVE $1.49
The Richmond Food Co Sausage Rolls Original 650g 16 Pack,10.99,9.8,10.8,https://www.woolworths.co.nz/shop/product-details/270065/the-richmond-food-co-sausage-rolls-original-650g,SAVE $1.19
Colgate Advanced Whitening Toothpaste Baking Soda 180g,9.49,6.99,26.3,https://www.woolworths.co.nz/shop/product-details/6003429/colgate-advanced-whitening-toothpaste-baking-soda,SAVE $2.50
Mainland Cheese Grated Tasty Light 375g,10,8.9,11.0,https://www.woolworths.co.nz/shop/product-details/489880/mainland-cheese-grated-tasty-light,SAVE $1.10
Purina One Healthy Adult Wet Cat Food Ocean Fish In Gravy 70g,1.89,1.35,28.6,https://www.woolworths.co.nz/shop/product-details/21203/purina-one-healthy-adult-wet-cat-food-ocean-fish-in-gravy,SAVE $0.54
Up&Go Liquid Breakfast Strawberry Protein 6 x 250mL,12.99,9.39,27.7,https://www.woolworths.co.nz/shop/product-details/206404/up-go-liquid-breakfast-strawberry-protein,
The Ned Sauvignon Blanc 750mL,,14.99,,https://www.woolworths.co.nz/shop/product-details/909010/the-ned-sauvignon-blanc,Special
Shore Mariner Samosas 750g,7,6.3,10.0,https://www.woolworths.co.nz/shop/product-details/402275/shore-mariner-samosas,SAVE $0.70
Band-Aid Plasters Flex Fabric Strips 50 Pack,5.79,4.99,13.8,https://www.woolworths.co.nz/shop/product-details/35233/band-aid-plasters-flex-fabric-strips,SAVE $0.80
Campbell's Real Stock Beef Stock Liquid 500mL,3.89,3.5,10.0,https://www.woolworths.co.nz/shop/product-details/93351/campbell-s-real-stock-beef-stock-liquid,SAVE $0.39
Anchor Protein+ Flavoured Milk Vanilla Shake 375mL,5.49,4.95,9.8,https://www.woolworths.co.nz/shop/product-details/6029670/anchor-protein-flavoured-milk-vanilla-shake,
Emborg Cheese Snack Strip 168g,7.14,6.32,11.5,https://www.woolworths.co.nz/shop/product-details/427518/emborg-cheese-snack-strip,SAVE $0.82
Chobani 15G High Protein Greek Yoghurt Tropical 160g,3.95,2.99,24.3,https://www.woolworths.co.nz/shop/product-details/391548/chobani-15g-high-protein-greek-yoghurt-tropical,
Puhoi Valley Brie Cheese 125g,5.69,4.4,22.7,https://www.woolworths.co.nz/shop/product-details/317085/puhoi-valley-brie-cheese,SAVE $1.29
"Temptations Mega Cat Treats Chicken, Catnip & Cheddar 180g",9,8,11.1,https://www.woolworths.co.nz/shop/product-details/818480/temptations-mega-cat-treats-chicken-catnip-cheddar,SAVE $1.00
Sealord Fish Fillets Gluten Free 280g,9.5,8.5,10.5,https://www.woolworths.co.nz/shop/product-details/6024243/sealord-fish-fillets-gluten-free,
Celsius Energy Drink Sunset Vibe 330mL,4.49,3,33.2,https://www.woolworths.co.nz/shop/product-details/909279/celsius-energy-drink-sunset-vibe,SAVE $1.49
Mainland Haloumi Cheese 200g,9.29,7.5,19.3,https://www.woolworths.co.nz/shop/product-details/486006/mainland-haloumi-cheese,SAVE $1.79
Wrigley's Extra Chewing Gum Spearmint 42 Pieces 81g,6.49,5,23.0,https://www.woolworths.co.nz/shop/product-details/5180/wrigley-s-extra-chewing-gum-spearmint-42-pieces,SAVE $1.49
MasterFoods Garlic & Herb Salt Blend 62g,3.89,3.49,10.3,https://www.woolworths.co.nz/shop/product-details/50748/masterfoods-garlic-herb-salt-blend,SAVE $0.40
Dine Cat Treats Creamy Tuna Mixed Selection 4x12g,4.79,3.9,18.6,https://www.woolworths.co.nz/shop/product-details/818801/dine-cat-treats-creamy-tuna-mixed-selection,SAVE $0.89
Avalanche Coffee Sachets 99% Sugar Free Flat White 364g,14.99,12,19.9,https://www.woolworths.co.nz/shop/product-details/913552/avalanche-coffee-sachets-99-sugar-free-flat-white,SAVE $2.99
RJ's Chocolate Sharepack Raspberry Balls 220g,5.8,4.6,20.7,https://www.woolworths.co.nz/shop/product-details/504017/rj-s-chocolate-sharepack-raspberry-balls,SAVE $1.20
"Hubbards Be Mighty Granola 12g Protein, Nutty Vanilla 350g",7.79,6.69,14.1,https://www.woolworths.co.nz/shop/product-details/6076596/hubbards-be-mighty-granola-12g-protein-nutty-vanilla,
Mainland Buttersoft Butter Reduced Salt 375g,12.99,10.95,15.7,https://www.woolworths.co.nz/shop/product-details/642645/mainland-buttersoft-butter-reduced-salt,SAVE $2.04
Vita Pet Purrfit Cat Litter Lavender Clumping 7L,14.5,13,10.3,https://www.woolworths.co.nz/shop/product-details/353818/vita-pet-purrfit-cat-litter-lavender-clumping,SAVE $1.50
Nivea Women Black & White Roll On Clear Antiperspirant 50mL,5.99,4.19,30.1,https://www.woolworths.co.nz/shop/product-details/381095/nivea-women-black-white-roll-on-clear-antiperspirant,SAVE $1.80
So Good Almond Milk Vanilla 1L,4.49,3.39,24.5,https://www.woolworths.co.nz/shop/product-details/781141/so-good-almond-milk-vanilla,
SnackaChangi Chips Fried Chicken 150g,5.2,3.5,32.7,https://www.woolworths.co.nz/shop/product-details/564282/snackachangi-chips-fried-chicken,
Tasti Protein Bars Dark Choc Cranberry 200g,6.29,5,20.5,https://www.woolworths.co.nz/shop/product-details/792797/tasti-protein-bars-dark-choc-cranberry,SAVE $1.29
Mayceys Sweets Sour Fruit Mix 85g,1.69,1.49,11.8,https://www.woolworths.co.nz/shop/product-details/266709/mayceys-sweets-sour-fruit-mix,SAVE $0.20
Glade Shake N Vac Carpet Care Deodoriser Summer Ess Powder 550g,9,7.99,11.2,https://www.woolworths.co.nz/shop/product-details/129701/glade-shake-n-vac-carpet-care-deodoriser-summer-ess-powder,SAVE $1.01
Tasti Chewy Muesli Squares Double Choc 175g,3.49,2.79,20.1,https://www.woolworths.co.nz/shop/product-details/6001471/tasti-chewy-muesli-squares-double-choc,
Castello Blue Cheese Creamy 150g,12.29,9.99,18.7,https://www.woolworths.co.nz/shop/product-details/48824/castello-blue-cheese-creamy,SAVE $2.30
Purina One Coat & Hairball Dry Cat Food Chicken 1.4kg,27.8,21.99,20.9,https://www.woolworths.co.nz/shop/product-details/199047/purina-one-coat-hairball-dry-cat-food-chicken,SAVE $5.81
Griffin'S Biscuits 100S & 1000S Minis 125g,2.5,2,20.0,https://www.woolworths.co.nz/shop/product-details/6072028/griffin-s-biscuits-100s-1000s-minis,SAVE $0.50
Wattie's Frozen Mixed Vegetables Rainbow Mix 700g,5.99,4.8,19.9,https://www.woolworths.co.nz/shop/product-details/317629/wattie-s-frozen-mixed-vegetables-rainbow-mix,SAVE $1.19
Avalanche Chai Latte 99% Sugar Free 200g,6.99,4.69,32.9,https://www.woolworths.co.nz/shop/product-details/159190/avalanche-chai-latte-99-sugar-free,SAVE $2.30
Pop'n'Good Popcorn Sweet & Salty Kettle Corn 150g,3,2.7,10.0,https://www.woolworths.co.nz/shop/product-details/699446/pop-n-good-popcorn-sweet-salty-kettle-corn,SAVE $0.30
Arnott's Farmbake Cookies Crunchy Oat & Fruit 310g,4.39,3.8,13.4,https://www.woolworths.co.nz/shop/product-details/143495/arnott-s-farmbake-cookies-crunchy-oat-fruit,
Nom Mochi Coconut Ice Cream Bites Chocolate Dairy & Gluten Free 156g,8,6.8,15.0,https://www.woolworths.co.nz/shop/product-details/170675/nom-mochi-coconut-ice-cream-bites-chocolate-dairy-gluten-free,SAVE $1.20
Ceres Organics Brown Rice Crackers Original 115g,3.69,3.3,10.6,https://www.woolworths.co.nz/shop/product-details/726527/ceres-organics-brown-rice-crackers-original,SAVE $0.39
Oreo Frozen Cookie Sandwich 4 Pack,11.5,6.89,40.1,https://www.woolworths.co.nz/shop/product-details/699192/oreo-frozen-cookie-sandwich,SAVE $4.61
SnackaChangi Chips Sweet Chilli 150g,5.2,3.5,32.7,https://www.woolworths.co.nz/shop/product-details/226860/snackachangi-chips-sweet-chilli,SAVE $1.70
Maltesers Chocolate Sharepack Pouch 280g,10.99,8.6,21.7,https://www.woolworths.co.nz/shop/product-details/105115/maltesers-chocolate-sharepack-pouch,SAVE $2.39
Lotus Biscoff Creme Filled Biscuits Vanilla Cream 110g,3.49,2.49,28.7,https://www.woolworths.co.nz/shop/product-details/6021872/lotus-biscoff-creme-filled-biscuits-vanilla-cream,SAVE $1.00
Milo Cereal High Protein 535g,9.8,7.8,20.4,https://www.woolworths.co.nz/shop/product-details/387014/milo-cereal-high-protein,
The Collective Splitz Greek Yoghurt With Bickies'n'Cream Bits 140g,3.55,3,15.5,https://www.woolworths.co.nz/shop/product-details/219909/the-collective-splitz-greek-yoghurt-with-bickies-n-cream-bits,SAVE $0.55
Purina One Urinary Care Wet Cat Food Chicken In Gravy 70g,1.89,1.35,28.6,https://www.woolworths.co.nz/shop/product-details/21186/purina-one-urinary-care-wet-cat-food-chicken-in-gravy,SAVE $0.54
Libra Goodnights Pads Goodnights Ultra Thin 10 Pack,5.99,4.59,23.4,https://www.woolworths.co.nz/shop/product-details/116837/libra-goodnights-pads-goodnights-ultra-thin,SAVE $1.40
Nice & Natural Nut Bars Roasted Peanut & Cashew 192g,4.49,3.49,22.3,https://www.woolworths.co.nz/shop/product-details/830008/nice-natural-nut-bars-roasted-peanut-cashew,
Griffin's Chocolate Biscuits Wheaten Milk 200g,4.99,2.99,40.1,https://www.woolworths.co.nz/shop/product-details/271047/griffin-s-chocolate-biscuits-wheaten-milk,
MasterFoods Garlic Finely Crushed 170g,3.8,3.29,13.4,https://www.woolworths.co.nz/shop/product-details/9096/masterfoods-garlic-finely-crushed,SAVE $0.51
Colgate Optic White Toothpaste High Impact Teeth Whitening 85g,12.39,10.99,11.3,https://www.woolworths.co.nz/shop/product-details/465421/colgate-optic-white-toothpaste-high-impact-teeth-whitening,SAVE $1.40
Celsius Energy Drink Green Apple Cherry 330mL,4.49,3,33.2,https://www.woolworths.co.nz/shop/product-details/911063/celsius-energy-drink-green-apple-cherry,SAVE $1.49
Wattie's Flavoured Tomatoes Italian Style 400g,2.79,2.1,24.7,https://www.woolworths.co.nz/shop/product-details/270751/wattie-s-flavoured-tomatoes-italian-style,
Serious Popcorn Dark Chocolate Drizzle 70g,4.69,4,14.7,https://www.woolworths.co.nz/shop/product-details/255315/serious-popcorn-dark-chocolate-drizzle,SAVE $0.69
Cotton Softs Toilet Paper 2 Ply Triple Length 6 pack,11.5,10.2,11.3,https://www.woolworths.co.nz/shop/product-details/6040112/cotton-softs-toilet-paper-2-ply-triple-length,SAVE $1.30
Auntie Dai's Steamed Buns BBQ Chicken 400g,9.49,7.99,15.8,https://www.woolworths.co.nz/shop/product-details/6016605/auntie-dai-s-steamed-buns-bbq-chicken,SAVE $1.50
Palmolive Foaming Hand Wash Refill Cherry Blossom 500mL,7.79,5.49,29.5,https://www.woolworths.co.nz/shop/product-details/501487/palmolive-foaming-hand-wash-refill-cherry-blossom,SAVE $2.30
Wattie's Very Special Soup Creamy Tomato Canned 535g,5.5,3.7,32.7,https://www.woolworths.co.nz/shop/product-details/265322/wattie-s-very-special-soup-creamy-tomato-canned,
Vitafresh Sachet Drink Mix Orange & Mango 150g 3 Pack,2.29,1.99,13.1,https://www.woolworths.co.nz/shop/product-details/830652/vitafresh-sachet-drink-mix-orange-mango-150g,SAVE $0.30
Quorn Vegetarian Sausages 336g,9,8,11.1,https://www.woolworths.co.nz/shop/product-details/334340/quorn-vegetarian-sausages,
Bonkers Cat Treats Catnip Chicken Cheddar 85g,4,3,25.0,https://www.woolworths.co.nz/shop/product-details/685902/bonkers-cat-treats-catnip-chicken-cheddar,SAVE $1.00
Skittles Sweets Cloudz Sours 120g,6,2.99,50.2,https://www.woolworths.co.nz/shop/product-details/6018791/skittles-sweets-cloudz-sours,SAVE $3.01
Vogels Cluster Crunch Granola Vanilla Almond 375g,6.49,5.5,15.3,https://www.woolworths.co.nz/shop/product-details/899849/vogels-cluster-crunch-granola-vanilla-almond,SAVE $0.99
San Remo Gluten Free Brown Rice Pasta Spaghetti 250g,5,4,20.0,https://www.woolworths.co.nz/shop/product-details/647705/san-remo-gluten-free-brown-rice-pasta-spaghetti,SAVE $1.00
CookieTime Cookies Rookie Chocolate Chunk 175g 7 Pack,7.9,6.3,20.3,https://www.woolworths.co.nz/shop/product-details/271017/cookietime-cookies-rookie-chocolate-chunk-175g,SAVE $1.60
Woolworths Instore Deli Shaved Ham Honey per kg,27,21,22.2,https://www.woolworths.co.nz/shop/product-details/6025917/woolworths-instore-deli-shaved-ham-honey,SAVE $6.00
Birds Eye Fish Fingers 15 Pack,6.99,5.9,15.6,https://www.woolworths.co.nz/shop/product-details/96318/birds-eye-fish-fingers,
Dolmio Pasta Sauce Carbonara 490g,5.3,3.99,24.7,https://www.woolworths.co.nz/shop/product-details/758447/dolmio-pasta-sauce-carbonara,
Chobani Yoghurt Strawberry No Sugar Added 150g,3.39,2.65,21.8,https://www.woolworths.co.nz/shop/product-details/6039803/chobani-yoghurt-strawberry-no-sugar-added,
San Remo La Pasta Pasta & Sauce Carbonara 160g,,2.8,,https://www.woolworths.co.nz/shop/product-details/700713/san-remo-la-pasta-pasta-sauce-carbonara,2 for $4.00
Red Seal Herbal Tea Peppermint 25 Pack,3.59,3,16.4,https://www.woolworths.co.nz/shop/product-details/94855/red-seal-herbal-tea-peppermint,SAVE $0.59
Red Seal Fruit Tea Fruit Lovers Variety Pack 20 Pack,3.99,3,24.8,https://www.woolworths.co.nz/shop/product-details/387199/red-seal-fruit-tea-fruit-lovers-variety-pack,SAVE $0.99
Whiskas Wet Cat Food Chicken Favourites In Jelly 18x85g,17.2,14.3,16.9,https://www.woolworths.co.nz/shop/product-details/150538/whiskas-wet-cat-food-chicken-favourites-in-jelly,SAVE $2.90
Palmolive Foaming Hand Wash Refill Raspberry 500mL,7.79,5.49,29.5,https://www.woolworths.co.nz/shop/product-details/757443/palmolive-foaming-hand-wash-refill-raspberry,SAVE $2.30
Mingle Indian Butter Chicken Spice Blend 30g,3,2.5,16.7,https://www.woolworths.co.nz/shop/product-details/68742/mingle-indian-butter-chicken-spice-blend,SAVE $0.50
NATURELAND Baby Food Chocolate Custard 120g,1.8,1.4,22.2,https://www.woolworths.co.nz/shop/product-details/341707/natureland-baby-food-chocolate-custard,SAVE $0.40
Keri Fruit Drink Pulpy Tropical 2.4L,5.99,4.79,20.0,https://www.woolworths.co.nz/shop/product-details/919274/keri-fruit-drink-pulpy-tropical,
L'affare Espresso Grind Gusto 200g,10.95,7.99,27.0,https://www.woolworths.co.nz/shop/product-details/323958/l-affare-espresso-grind-gusto,SAVE $2.96
Original Foods Carrot Cake Goofy Bar,9.6,8.5,11.5,https://www.woolworths.co.nz/shop/product-details/579121/original-foods-carrot-cake-goofy-bar,SAVE $1.10
Mission Corn Chips Extreme Cheese 230g,4.7,3.69,21.5,https://www.woolworths.co.nz/shop/product-details/362694/mission-corn-chips-extreme-cheese,SAVE $1.01
Edgell Beans Butter 400g,2.49,2.2,11.6,https://www.woolworths.co.nz/shop/product-details/732217/edgell-beans-butter,
Mother Earth Nuts About Gluten Free Nut Bar Dark Choc 5 Pack,6,4.5,25.0,https://www.woolworths.co.nz/shop/product-details/129778/mother-earth-nuts-about-gluten-free-nut-bar-dark-choc,
Vista Sparkling Water Raspberry & Lime 8x330mL,13.49,10.49,22.2,https://www.woolworths.co.nz/shop/product-details/310873/vista-sparkling-water-raspberry-lime,SAVE $3.00
Coca-Cola Soft Drink Diet Coke 18 Pack,23.99,18.99,20.8,https://www.woolworths.co.nz/shop/product-details/660281/coca-cola-soft-drink-diet-coke,
Powerade Zero Sports Drink Berry Ice 750mL,4.49,3.49,22.3,https://www.woolworths.co.nz/shop/product-details/742225/powerade-zero-sports-drink-berry-ice,
Wattie's Mixed Vegetables Broccoli & Cauliflower Medley 650g,5.99,4.8,19.9,https://www.woolworths.co.nz/shop/product-details/272939/wattie-s-mixed-vegetables-broccoli-cauliflower-medley,
Diamond Cook & Coat Coating Original 250g,4.79,4.3,10.2,https://www.woolworths.co.nz/shop/product-details/267300/diamond-cook-coat-coating-original,SAVE $0.49
Maggi Mi Goreng Instant Noodles Soy & Mild Multi Pack 365g,5,3.39,32.2,https://www.woolworths.co.nz/shop/product-details/700110/maggi-mi-goreng-instant-noodles-soy-mild-multi-pack,
SnackaChangi Corn Chips Chipotle Salsa 170g,5,2.99,40.2,https://www.woolworths.co.nz/shop/product-details/6084017/snackachangi-corn-chips-chipotle-salsa,
Hellers Salami Sliced Italian 100g,4.29,3.85,10.3,https://www.woolworths.co.nz/shop/product-details/964991/hellers-salami-sliced-italian,SAVE $0.44
RJ's Licorice Allsorts 280g,5.8,4.6,20.7,https://www.woolworths.co.nz/shop/product-details/324134/rj-s-licorice-allsorts,SAVE $1.20
L'affare Coffee Beans Gusto Fairtrade Organic 200g,10.95,7.99,27.0,https://www.woolworths.co.nz/shop/product-details/323961/l-affare-coffee-beans-gusto-fairtrade-organic,SAVE $2.96
